"X2001_hop_L_01.c3d.11","X2002_hop_L_01.c3d.11","X2004_hop_L_01.c3d.11","X2005_hop_L_01.c3d.11","X2006_hop_L_01.c3d.11","X2007_hop_L_01.c3d.11","X2008_hop_L_01.c3d.11","X2009_hop_L_01.c3d.11","X2010_hop_L_01.c3d.11","X2011_hop_L_01.c3d.11","X2012_hop_L_01.c3d.11","X2013_hop_L_01.c3d.11","X2014_hop_L_01.c3d.11","X2015_hop_L_01.c3d.11","X2016_hop_L_01.c3d.11","X2017_hop_L_01.c3d.11","X2018_hop_L_01.c3d.11","X2019_hop_L_01.c3d.11","X2020_hop_L_01.c3d.11","X2021_hop_L_01.c3d.11","X2022_hop_L_01.c3d.11","X2023_hop_L_01.c3d.11","X2024_hop_L_01.c3d.11","X2025_hop_L_01.c3d.11","X2026_hop_L_01.c3d.11","X2027_hop_R_01.c3d.11","X2028_hop_L_01.c3d.11","X2029_hop_L_01.c3d.11","X2030_hop_L_01.c3d.11","X2031_hop_L_01.c3d.11","X2032_hop_L_01.c3d.11","X2034_hop_L_01.c3d.11"
14.728765,30.116669,19.792913,10.247237,16.779921,10.498694,5.227117,23.432236,9.030615,25.253208,18.610828,14.529148,30.400188,18.086674,21.190285,17.847876,17.112858,12.945095,15.023462,23.399614,58.933575,18.082209,16.908085,10.968658,31.497484,28.27854,19.063093,13.695354,18.079632,9.634286,16.616976,23.824947
15.216442,30.178858,19.972996,10.51265,17.017567,10.756629,5.240613,23.348948,8.712905,25.270378,18.70466,14.663739,30.725603,17.744049,21.011072,17.741142,17.051664,12.911858,15.5354,23.362083,59.092087,18.188251,17.069248,11.440419,31.644712,30.22521,19.336496,14.067522,18.065126,9.728252,16.651699,23.530521
15.864341,30.260229,20.144135,10.835241,17.23399,11.035509,5.240695,23.284437,8.454581,25.326809,18.820847,14.815004,31.096193,17.388325,20.887781,17.631718,16.997074,12.861078,16.111561,23.291029,59.275677,18.343246,17.274538,11.965743,31.850811,31.497524,19.679121,14.443619,18.055147,9.772544,16.68322,23.184652
16.660585,30.351753,20.312101,11.203012,17.398571,11.316031,5.224558,23.261925,8.326636,25.416845,18.954245,14.978847,31.518677,17.060579,20.842524,17.523554,16.955593,12.794292,16.703199,23.209364,59.447071,18.558846,17.5273,12.505572,32.10183,32.218067,20.063824,14.793706,18.06028,9.778598,16.697855,22.782217
17.519859,30.432945,20.473366,11.578114,17.509012,11.582723,5.188713,23.285704,8.354256,25.512646,19.08523,15.142547,32.001602,16.79026,20.857742,17.41993,16.925022,12.716038,17.256947,23.158421,59.56852,18.816002,17.81542,13.039382,32.358864,32.740974,20.446712,15.100643,18.095757,9.78303,16.687901,22.319017
18.350304,30.484182,20.551645,11.919456,17.592741,11.828129,5.133512,23.341656,8.538436,25.600592,19.190876,15.286538,32.541191,16.58461,20.910769,17.325241,16.910889,12.62567,17.746164,23.154192,59.622448,19.069456,18.120113,13.590139,32.586842,33.259686,20.804289,15.357611,18.171101,9.78454,16.658165,21.78826
19.1231,30.496376,20.249857,12.199283,17.689388,12.039615,5.069286,23.412373,8.865052,25.696564,19.259569,15.394404,33.116993,16.428833,20.984003,17.24696,16.937412,12.519922,18.181271,23.187767,59.617798,19.271322,18.427708,14.206569,32.774868,33.848911,21.137787,15.562675,18.278166,9.60116,16.621145,21.183084
19.868011,30.475956,19.574154,12.399367,17.821987,12.202831,5.016016,23.491209,9.315763,25.825487,19.296547,15.469044,33.701786,16.30658,21.060211,17.196581,17.042238,12.401237,18.589941,23.235657,59.582928,19.397182,18.734873,14.930538,32.935215,34.533455,21.464354,15.719357,18.392635,9.186011,16.584871,20.502981
20.623566,30.440065,19.241053,12.508896,17.993311,12.316776,4.988829,23.582855,9.874166,25.998543,19.322666,15.537334,34.275291,16.215694,21.124653,17.186298,17.251429,12.280735,18.988981,23.268349,59.536102,19.457466,19.040466,15.775046,33.082893,35.315567,21.807878,15.841549,18.485041,8.992779,16.544609,19.753654
21.397444,30.40451,19.066301,12.534501,18.197266,12.393342,4.986153,23.692537,10.504995,26.217487,19.367966,15.634346,34.835567,16.161951,21.171835,17.22418,17.559196,12.167293,19.388292,23.265388,59.465244,19.491348,19.338701,16.719875,33.22578,36.185223,22.185825,15.954907,18.535799,8.903696,16.49226,18.951565
22.169279,30.377785,18.905645,12.502035,18.419838,12.446553,5.010806,23.818447,11.136218,26.484234,19.452633,15.781447,35.394318,16.154915,21.204638,17.309309,17.931444,12.053743,19.802467,23.226202,59.352409,19.549202,19.626394,17.72097,33.368481,37.120373,22.590668,16.086857,18.54225,8.811063,16.434587,18.128635
22.920555,30.363609,18.793549,12.448522,18.642054,12.484332,5.089502,23.955269,11.695844,26.801908,19.573587,15.97831,35.956539,16.203024,21.229904,17.428812,18.325575,11.921413,20.238577,23.174334,59.196564,19.67305,19.912844,18.729586,33.514133,38.083645,22.977291,16.251629,18.514118,8.725105,16.388199,17.318548
23.636082,30.365011,18.763828,12.410419,18.853033,12.509965,5.251287,24.103586,12.164693,27.167255,19.718061,16.208969,36.513508,16.294996,21.251905,17.559797,18.726475,11.755187,20.693752,23.158613,59.006454,19.887671,20.218689,19.712492,33.661816,39.032761,23.295858,16.448057,18.463455,8.654548,16.355434,16.544071
24.295469,30.384541,18.818396,12.422133,19.048569,12.531075,5.50842,24.268723,12.581624,27.576082,19.876753,16.454691,37.053059,16.393274,21.271971,17.679358,19.167498,11.556692,21.176361,23.238958,58.799671,20.198492,20.570099,20.668917,33.8055,39.943787,23.548952,16.669134,18.399414,8.595308,16.321142,15.821428
24.897223,30.419941,18.930271,12.511841,19.225086,12.56423,5.857696,24.45503,13.008474,28.030748,20.043663,16.711185,37.559696,16.46472,21.294598,17.777575,19.68387,11.343679,21.702156,23.447027,58.613087,20.594921,20.991695,21.635727,33.938335,40.819557,23.791733,16.908522,18.329098,8.543358,16.270754,15.174887
25.46954,30.461998,19.061993,12.68778,19.395067,12.630435,6.295107,24.671034,13.502595,28.533773,20.217358,16.989662,38.007217,16.513407,21.324776,17.86186,20.26613,11.133011,22.261,23.752377,58.491367,21.078564,21.500875,22.666872,34.061623,41.677105,24.08428,17.165989,18.255878,8.5006,16.199389,14.638806
26.041054,30.500013,19.183201,12.937979,19.590069,12.749521,6.82851,24.933462,14.115981,29.087374,20.399311,17.294292,38.380066,16.569847,21.360106,17.950275,20.886074,10.938837,22.819614,24.071098,58.462013,21.67794,22.10342,23.799469,34.196445,42.537792,24.447411,17.449823,18.177763,8.474119,16.111017,14.240478
26.613544,30.528811,19.28158,13.244675,19.826525,12.935824,7.461531,25.244499,14.88755,29.698233,20.589317,17.606367,38.69289,16.660564,21.395485,18.059067,21.536695,10.779558,23.351004,24.315039,58.529152,22.426289,22.779463,25.041893,34.383194,43.422523,24.853617,17.766201,18.090422,8.469461,16.01096,13.990135
27.175653,30.549587,19.360662,13.596284,20.079557,13.189999,8.184001,25.577961,15.83576,30.377733,20.790186,17.894508,38.984959,16.790319,21.435171,18.19565,22.233299,10.681942,23.842653,24.446295,58.674118,23.336143,23.484297,26.38586,34.66124,44.347855,25.250624,18.111074,17.989422,8.485889,15.90884,13.889235
27.730753,30.566109,19.437416,13.979202,20.318892,13.494426,8.992303,25.910572,16.966568,31.150509,21.009117,18.127485,39.298233,16.948929,21.491573,18.361721,22.98999,10.674688,24.303205,24.48147,58.867191,24.392916,24.178595,27.808449,35.051846,45.315441,25.594397,18.471819,17.868046,8.517711,15.829999,13.944593
28.283932,30.580322,19.567171,14.365352,20.536711,13.822356,9.900609,26.242725,18.272358,32.036552,21.24655,18.272074,39.652245,17.127527,21.574236,18.552883,23.804893,10.766529,24.762032,24.449121,59.084843,25.563446,24.853561,29.262108,35.549122,46.307255,25.872066,18.83469,17.723127,8.557958,15.805871,14.177837
28.830675,30.590448,19.772953,14.722019,20.725138,14.152949,10.928913,26.575077,19.724327,33.023357,21.496027,18.296488,40.040058,17.328758,21.681986,18.758471,24.662012,10.940207,25.244402,24.368584,59.319206,26.812016,25.532755,30.68305,36.119514,47.298126,26.102343,19.193825,17.56109,8.600904,15.852386,14.623992
29.365828,30.590258,19.775064,15.025382,20.897453,14.475921,12.099827,26.851103,21.287281,34.073597,21.753441,18.193537,40.445885,17.56443,21.805683,18.966713,25.546179,11.172507,25.751944,24.253954,59.573795,28.115879,26.245808,32.0238,36.723522,48.268387,26.316128,19.552061,17.390581,8.639459,15.96354,15.316916
29.891665,30.568132,19.751631,15.263703,21.125563,14.783384,13.437682,26.968224,22.945938,35.154835,22.015871,17.99404,40.860279,17.845779,21.939774,19.169947,26.447435,11.45279,26.26074,24.116486,59.849152,29.471897,27.004353,33.283806,37.33247,49.214706,26.533447,19.921484,17.221643,8.666875,16.111643,16.266554
30.41864,30.507082,19.763956,15.427966,21.490356,15.065438,14.947646,26.89049,24.701529,36.245922,22.280718,17.743067,41.276581,18.175331,22.088875,19.369219,27.353767,11.786014,26.739422,23.966015,60.135288,30.883747,27.8046,34.503834,37.934933,50.15929,26.754694,20.320461,17.076822,8.68621,16.25153,17.444645
30.950687,30.389385,19.727152,15.508593,22.00251,15.314563,16.607685,26.670177,26.535385,37.329269,22.553827,17.464212,41.684471,18.545555,22.261356,19.571854,28.249725,12.171593,27.176113,23.814104,60.418018,32.339859,28.644386,35.726418,38.535702,51.142223,26.96998,20.762348,16.989182,8.710706,16.338934,18.807844
31.481569,30.207537,19.622118,15.518099,22.606388,15.528318,18.371944,26.392088,28.387735,38.394566,22.851177,17.162317,42.073174,18.950825,22.46171,19.7801,29.119238,12.578608,27.579729,23.673496,60.690346,33.823109,29.528475,36.972542,39.145325,52.199989,27.174984,21.25042,16.982685,8.753526,16.355078,20.337351
32.00679,29.97414,19.476086,15.491414,23.24839,15.708804,20.189018,26.131195,30.204962,39.436565,23.18334,16.817694,42.433376,19.404314,22.687746,19.983538,29.960718,12.953217,27.967747,23.552666,60.953045,35.34248,30.450279,38.239594,39.776817,53.34922,27.378088,21.784393,17.063478,8.821182,16.323614,22.039341
32.53577,29.729893,19.406126,15.454044,23.920513,15.863962,22.041124,25.936516,31.984421,40.443592,23.540098,16.417454,42.753689,19.94932,22.937662,20.164654,30.801413,13.254441,28.366032,23.4531,61.209724,36.92572,31.389738,39.508305,40.436974,54.596107,27.60125,22.364126,17.217901,8.912536,16.300533,23.919514
33.083714,29.525249,19.490276,15.412177,24.661348,16.00445,23.942774,25.830963,33.75909,41.398537,23.894434,15.99796,43.031521,20.656393,23.214537,20.313528,31.669352,13.477908,28.804131,23.37146,61.465851,38.572277,32.32909,40.762962,41.109932,55.947727,27.879576,22.988018,17.41577,9.018625,16.339745,25.970022
33.650681,29.37921,19.581274,15.37326,25.516277,16.135994,25.909849,25.817778,35.564846,42.287563,24.219355,15.615376,43.284195,21.584253,23.522205,20.441519,32.552338,13.645406,29.29929,23.304632,61.719444,40.223728,33.258717,42.001598,41.773651,57.39941,28.256062,23.65799,17.623478,9.124513,16.456724,28.163633
34.217308,29.275906,19.77779,15.35228,26.50522,16.258493,27.930258,25.886354,37.421829,43.097099,24.497458,15.302602,43.538803,22.737841,23.862179,20.58127,33.406757,13.784654,29.855291,23.259018,61.950165,41.792427,34.177231,43.227928,42.413376,58.923485,28.765324,24.384031,17.808748,9.213573,16.6203,30.453249
34.762863,29.189957,20.141748,15.35639,27.625032,16.373028,29.960052,26.018572,39.340919,43.815063,24.72316,15.073115,43.814125,24.080952,24.236471,20.770887,34.196716,13.922608,30.462103,23.253021,62.12698,43.238602,35.084938,44.439812,43.01202,60.477665,29.412434,25.181181,17.95747,9.273988,16.781769,32.781708
35.282734,29.104504,20.617249,15.38909,28.856237,16.487747,31.956446,26.205215,41.335228,44.442951,24.904764,14.969737,44.113773,25.572006,24.649933,21.040115,34.913296,14.083171,31.094763,23.299343,62.233547,44.592312,35.988243,45.635693,43.544079,62.023701,30.166914,26.070202,18.093838,9.302208,16.917276,35.099812
35.78373,29.017588,21.106594,15.453848,30.191837,16.61063,33.909512,26.446108,43.405228,44.993576,25.063887,15.131135,44.430084,27.175692,25.106197,21.409634,35.561382,14.278331,31.723103,23.383039,62.282539,45.9179,36.911427,46.82605,43.98547,63.536133,30.990681,27.076828,18.272455,9.298034,17.044779,37.378551
36.270958,28.94149,21.509342,15.551743,31.665169,16.736368,35.8363,26.731087,45.511265,45.480061,25.227417,15.749253,44.754337,28.860352,25.60391,21.898306,36.143745,14.504729,32.323483,23.46825,62.290939,47.276573,37.877556,47.998894,44.325134,65.017624,31.879831,28.215677,18.555912,9.263221,17.193457,39.604843
36.74601,28.8955,21.756168,15.682689,33.306557,16.853752,37.759983,27.046824,47.580544,45.91087,25.411505,16.9193,45.078918,30.596451,26.138868,22.525248,36.665417,14.755985,32.890881,23.530287,62.257561,48.708813,38.883923,49.080097,44.564732,66.518692,32.8699,29.481291,18.982368,9.205379,17.3657,41.768475
37.205853,28.896544,21.832779,15.842237,35.105206,16.962965,39.692383,27.385803,49.550163,46.283836,25.607691,18.557272,45.392887,32.363403,26.709373,23.300621,37.136417,15.029284,33.443928,23.576733,62.177258,50.24445,39.900078,49.982864,44.712353,68.104073,33.995358,30.855639,19.530376,9.136744,17.532402,43.856834
37.64209,28.95442,21.765354,16.025618,37.00341,17.077721,41.625702,27.729746,51.396008,46.593349,25.793861,20.451651,45.684952,34.154881,27.317692,24.212833,37.56879,15.323235,34.024101,23.638714,62.053543,51.890354,40.901752,50.666534,44.778591,69.785172,35.25248,32.32798,20.139969,9.068124,17.659292,45.859325
38.045387,29.072182,21.613913,16.240145,38.923668,17.210222,43.548824,28.03969,53.121876,46.842079,25.960361,22.387072,45.947235,35.97554,27.966866,25.235861,37.978699,15.643352,34.685051,23.73851,61.896637,53.59634,41.897728,51.118874,44.781582,71.5159,36.60952,33.906357,20.773415,9.005868,17.73666,47.774227
38.408817,29.251423,21.45978,16.501371,40.836952,17.354889,45.464947,28.27836,54.753948,47.040863,26.111803,24.238266,46.185513,37.848312,28.654411,26.35043,38.387337,16.003813,35.454544,23.863482,61.721424,55.282696,42.916672,51.342781,44.753654,73.201683,38.0448,35.59066,21.431833,8.955759,17.787081,49.610989
38.730835,29.498343,21.374294,16.821238,42.762047,17.501472,47.383884,28.431166,56.344429,47.211525,26.256266,25.986412,46.42683,39.805523,29.371546,27.549809,38.814007,16.420925,36.299522,23.974033,61.544662,56.894634,43.984753,51.348671,44.730423,74.733109,39.563,37.357372,22.137867,8.926774,17.844923,51.38274
39.01347,29.823793,21.400471,17.192726,44.695988,17.645311,49.313202,28.501028,57.939964,47.381069,26.402021,27.684492,46.707161,41.859829,30.110588,28.837399,39.25967,16.914747,37.154221,24.034962,61.376705,58.423824,45.112202,51.139992,44.726414,76.055199,41.173618,39.177132,22.923817,8.926351,17.931353,53.099499
39.254791,30.240255,21.519453,17.594915,46.586475,17.787882,51.268826,28.513739,59.530727,47.557251,26.558004,29.411139,47.046761,43.990242,30.865459,30.217314,39.696163,17.520901,37.975266,24.04125,61.212498,59.883698,46.304802,50.710342,44.72821,77.13707,42.851425,41.02668,23.833675,8.954228,18.056288,54.754013
39.452667,30.748184,21.529194,18.007189,48.369904,17.939117,53.281364,28.52124,61.050182,47.708275,26.728207,31.239697,47.426762,46.152485,31.629454,31.677639,40.095963,18.281878,38.757282,24.017876,61.032501,61.275795,47.576618,50.055275,44.714764,77.918953,44.527775,42.894451,24.915758,9.002484,18.234186,56.302639
39.610786,31.318464,21.234518,18.403946,50.003128,18.119326,55.379505,28.551367,62.430523,47.778736,26.909983,33.224461,47.791,48.305168,32.401234,33.180649,40.462372,19.223766,39.536148,23.997118,60.827477,62.576313,48.930607,49.174747,44.675365,78.335342,46.133274,44.785133,26.192743,9.056705,18.487112,57.720387
39.735615,31.911711,21.192909,18.741203,51.45834,18.352551,57.576767,28.585337,63.631672,47.739758,27.100733,35.381168,48.094212,50.423759,33.181374,34.67189,40.809753,20.352655,40.366249,23.996775,60.614819,63.74432,50.332428,48.076237,44.610027,78.355675,47.637634,46.712765,27.650757,9.098163,18.841635,59.033901
39.837543,32.510326,21.419937,18.961609,52.736347,18.655216,59.881641,28.613327,64.627632,47.605904,27.299242,37.670383,48.344566,52.489155,33.964909,36.09911,41.138763,21.658104,41.289368,24.015398,60.42564,64.740417,51.725578,46.815407,44.521843,77.993431,49.042873,48.694672,29.261847,9.111961,19.325447,60.269115
39.930473,33.114731,21.808071,19.029741,53.928196,19.026817,62.299423,28.668695,65.391396,47.407955,27.501688,40.011063,48.587952,54.476021,34.747791,37.43504,41.446243,23.120941,42.309811,24.041342,60.29454,65.534981,53.061996,45.494457,44.417561,77.288185,50.360455,50.742519,31.005051,9.095426,19.958591,61.442104
40.026485,33.720955,22.080244,18.963755,55.192257,19.449434,64.824448,28.788628,65.896286,47.166622,27.700222,42.321907,48.8717,56.358925,35.529984,38.699898,41.772549,24.72983,43.383972,24.065369,60.23394,66.112038,54.322994,44.173653,44.313454,76.288338,51.610565,52.847649,32.862156,9.057484,20.743786,62.57299
40.133881,34.309628,22.131481,18.818283,56.583916,19.901192,67.429115,28.981573,66.127518,46.888004,27.885948,44.552708,49.231339,58.120449,36.312126,39.957108,42.211227,26.4888,44.46228,24.093002,60.204433,66.476746,55.524269,42.847893,44.228558,75.055634,52.821358,54.976517,34.816765,9.01099,21.661926,63.68248
40.248871,34.856739,22.047216,18.645031,57.983009,20.369608,70.037933,29.234472,66.109138,46.571815,28.05418,46.686138,49.687286,59.743114,37.099033,41.263256,42.834644,28.414946,45.543346,24.144579,60.146011,66.664879,56.681087,41.488079,44.172863,73.646431,54.014328,57.068268,36.881195,8.968823,22.670689,64.778687
40.355675,35.352867,22.110689,18.48143,59.207027,20.851326,72.533958,29.525513,65.899406,46.217079,28.208532,48.722427,50.241451,61.200001,37.900879,42.627987,43.640594,30.531942,46.683178,24.239786,60.047745,66.734642,57.784882,40.076839,44.144722,72.061378,55.192955,59.054058,39.092819,8.944652,23.71452,65.85437
40.450184,35.807476,22.372282,18.348352,60.148643,21.350693,74.8162,29.837757,65.551178,45.822132,28.363827,50.662521,50.882996,62.464405,38.722282,44.00153,44.588585,32.848255,47.928921,24.387316,59.955315,66.740593,58.826794,38.630249,44.132713,70.207932,56.346436,60.91399,41.471817,8.949979,24.748747,66.906075
40.567226,36.234207,22.792654,18.244408,60.82291,21.880777,76.835159,30.154394,65.090439,45.385578,28.54771,52.491596,51.602272,63.517715,39.551685,45.288857,45.64637,35.322578,49.247131,24.583317,59.901642,66.718491,59.822598,37.196774,44.118591,67.878387,57.456631,62.6693,43.997639,8.987326,25.758011,67.948158
40.781567,36.648632,23.379829,18.152058,61.334263,22.455196,78.593674,30.447401,64.535919,44.908108,28.788874,54.174099,52.396477,64.347145,40.365654,46.411388,46.801506,37.844261,50.568523,24.81385,59.842587,66.685928,60.794758,35.846069,44.087284,64.746758,58.50317,64.331215,46.609692,9.047894,26.748751,68.99276
41.182674,37.069675,24.129333,18.055079,61.726704,23.076355,80.129829,30.696489,63.904259,44.389534,29.094381,55.666,53.260212,64.944183,41.148876,47.353321,48.059311,40.273731,51.852276,25.062168,59.707813,66.646469,61.749813,34.650345,44.037189,60.418522,59.475605,65.897842,49.220589,9.114049,27.729666,70.012032
41.829952,37.505699,25.045317,17.93886,61.890301,23.736448,81.471748,30.904324,63.183876,43.828617,29.441683,56.928066,54.180542,65.298508,41.906029,48.162731,49.422279,42.537411,53.095715,25.319174,59.463837,66.608658,62.679157,33.666195,43.97419,54.631451,60.374359,67.359535,51.736374,9.166187,28.704681,70.943909
42.696377,37.944336,26.156462,17.796961,61.633995,24.431173,82.61882,31.090366,62.303913,43.225761,29.792805,57.929707,55.141659,65.391388,42.652439,48.915607,50.867275,44.688877,54.314159,25.5882,59.122318,66.588219,63.567989,32.925812,43.904984,47.569267,61.188637,68.694908,54.078941,9.190001,29.680826,71.725212
43.642292,38.36269,27.486843,17.651007,60.833427,25.167015,83.555817,31.285412,61.114468,42.581955,30.121639,58.638107,56.136383,65.194878,43.393387,49.658348,52.355293,46.860386,55.521923,25.880766,58.742256,66.586403,64.414536,32.436558,43.834152,40.037682,61.8759,69.868607,56.199829,9.180715,30.673586,72.31517
44.482765,38.752464,29.02256,17.536213,59.474422,25.953693,84.243263,31.520977,59.415882,41.900169,30.430676,59.008598,57.179916,64.676476,44.109829,50.396172,53.846527,49.14735,56.728218,26.214275,58.413273,66.605057,65.213783,32.18721,43.750652,33.359558,62.374069,70.839867,58.069809,9.146255,31.697294,72.717484
45.07201,39.124271,30.708599,17.473454,57.596046,26.800215,84.598907,31.810253,57.004959,41.187592,30.741289,58.987648,58.291924,63.796337,44.774857,51.126587,55.302959,51.535393,57.941315,26.607523,58.183762,66.654213,65.927574,32.150188,43.627033,29.022669,62.631382,71.588394,59.643982,9.105533,32.754353,72.978958
45.405876,39.495022,32.468338,17.458893,55.200241,27.722889,84.527565,32.150173,53.75547,40.455868,31.068037,58.509178,59.465771,62.518032,45.373055,51.862892,56.687542,53.927742,59.169804,27.068506,58.041893,66.694618,66.480759,32.288177,43.447353,28.186855,62.610191,72.116753,60.823616,9.075504,33.854507,73.129898
45.652134,39.87812,34.22694,17.464207,52.238319,28.746162,83.970428,32.534245,49.799374,39.717785,31.399269,57.483723,60.678059,60.808468,45.892826,52.623112,57.956127,56.211056,60.423603,27.596863,57.964287,66.633575,66.770302,32.57793,43.216835,31.222141,62.266083,72.427116,61.459923,9.066939,35.029209,73.155907
45.921246,40.277004,35.925636,17.462322,48.737114,29.891903,82.920143,32.950027,45.577572,38.981609,31.712227,55.79715,61.917233,58.610481,46.329082,53.414223,59.066086,58.257935,61.717567,28.201576,57.940498,66.372978,66.697113,33.026199,42.947071,37.415073,61.542938,72.506546,61.421822,9.090585,36.297356,73.027908
46.156792,40.684711,37.530437,17.44911,44.897381,31.16078,81.389481,33.375656,41.649643,38.253559,31.997889,53.330585,63.178856,55.83503,46.688416,54.233223,59.999645,59.909706,63.056377,28.904079,57.966869,65.836334,66.215935,33.649017,42.656612,45.089252,60.387833,72.328171,60.627445,9.154934,37.640957,72.727554
46.24913,41.089012,39.037281,17.423407,41.138317,32.519527,79.329536,33.784286,38.584335,37.53627,32.268944,49.9991,64.435844,52.380005,46.988743,55.072655,60.743519,61.04681,64.409363,29.72839,58.035484,64.948784,65.344742,34.438686,42.37854,52.190636,58.765373,71.865349,58.992233,9.264258,39.013992,72.255226
46.218529,41.48032,40.490593,17.374994,38.068298,33.928062,76.592339,34.160107,36.956654,36.825508,32.54213,45.830242,65.642975,48.163448,47.249462,55.927433,61.260227,61.665035,65.728905,30.685705,58.125572,63.589935,64.132156,35.363049,42.148796,56.936996,56.680454,71.109764,56.416153,9.418189,40.375145,71.598022
46.290714,41.855312,42.042164,17.292429,36.312775,35.359245,72.995956,34.505184,37.140499,36.123547,32.820133,41.06992,66.752068,43.182491,47.479996,56.801594,61.507828,61.86377,66.9767,31.747522,58.209381,61.587147,62.627609,36.390507,41.989044,58.194675,54.240246,70.079231,52.843037,9.608061,41.724548,70.646263
46.684402,42.214008,43.756756,17.176865,36.324455,36.776363,68.422455,34.828094,39.017574,35.459377,33.098251,36.213581,67.725334,37.602234,47.680969,57.703213,61.47348,61.770599,68.13221,32.842747,58.278515,58.789585,60.868214,37.509026,41.908688,55.661041,51.747112,68.803993,48.311943,9.820792,43.086594,69.15963
47.431496,42.559662,45.449806,17.064522,38.198849,38.133686,62.890205,35.145504,41.982788,34.886547,33.373505,31.897717,68.534721,31.840578,47.852127,58.629528,61.2038,61.464779,69.211693,33.91198,58.343765,55.110386,58.839699,38.726292,41.912075,49.821045,49.723858,67.312393,42.972939,10.043533,44.46468,66.874184
48.450665,42.89362,46.911873,17.010447,41.539173,39.410763,56.58342,35.482586,45.154388,34.463474,33.645672,28.75024,69.151375,26.626432,47.989803,59.558971,60.811783,60.938026,70.273972,34.949493,58.413708,50.538368,56.453403,40.052032,41.996704,41.66634,48.80563,65.635101,37.133232,10.262613,45.832973,63.627811
49.650696,43.209499,48.379711,17.034241,45.44725,40.627319,49.869976,35.856712,47.566002,34.238113,33.916889,27.300323,69.554222,22.909389,48.085007,60.455727,60.409176,60.079994,71.361191,35.976707,58.487644,45.279991,53.587517,41.482738,42.150528,32.512119,49.473907,63.776783,31.356968,10.465998,47.151402,59.420319
50.969719,43.496479,49.984558,17.111385,48.703747,41.820488,43.320526,36.27663,48.422443,34.228745,34.187149,27.841476,69.746819,21.437374,48.133614,61.288937,60.037464,58.680473,72.416351,37.00692,58.564266,39.960762,50.156391,43.01236,42.351551,23.848976,51.720493,61.69083,26.47068,10.65164,48.397118,54.330975
52.366684,43.745708,51.641098,17.216434,50.212982,43.008358,37.655075,36.771111,47.288826,34.424809,34.451797,30.186428,69.754158,22.333672,48.150349,62.047806,59.671402,56.48177,73.323402,38.033936,58.655354,35.622963,46.166248,44.641396,42.580116,17.106476,54.796032,59.290489,23.440258,10.825743,49.578545,48.497078
53.802307,43.956516,53.106209,17.339142,49.492603,44.179077,33.567455,37.383663,44.130516,34.81105,34.708447,33.537457,69.598999,25.065521,48.162594,62.735073,59.246277,53.252022,74.010361,39.033428,58.778667,33.448689,41.736462,46.367428,42.835575,13.367604,57.278088,56.464752,23.115408,10.991935,50.7146,42.267044
55.226444,44.137005,53.971363,17.479176,46.713291,45.312511,31.513069,38.133034,39.298103,35.376953,34.962261,36.715988,69.276039,28.569391,48.18166,63.362606,58.663567,48.847446,74.496323,39.971329,58.933151,34.369682,37.083187,48.177055,43.141026,12.911292,57.722725,53.091713,25.800526,11.150437,51.821415,36.262012
56.579876,44.296719,54.70433,17.6436,42.37516,46.391804,31.496742,39.016479,33.457378,36.120541,35.218872,38.568451,68.739738,31.383854,48.199352,63.949375,57.798084,43.345974,74.863853,40.829556,59.085293,38.626328,32.505989,50.034645,43.53059,14.873943,55.385563,49.072235,30.842312,11.30824,52.903397,31.214565
57.819317,44.440269,55.484123,17.834759,37.043465,47.406639,32.917347,40.028816,27.515726,37.051212,35.475903,38.379505,67.917778,32.163769,48.204899,64.514839,56.488766,37.128075,75.162254,41.625278,59.181931,45.364021,28.424465,51.878063,44.035389,17.711979,50.448051,44.380421,36.677509,11.484509,53.945709,27.724733
58.920834,44.562202,56.307884,18.03154,31.249142,48.364498,34.699715,41.161114,22.496468,38.163506,35.727699,36.127033,66.724159,30.37488,48.188534,65.084587,54.495724,30.780163,75.352959,42.392517,59.180607,52.811661,25.433699,53.641815,44.669918,20.356422,43.743053,39.147507,41.509132,11.700505,54.947906,26.103735
59.839798,44.641571,57.179523,18.205324,25.503447,49.287975,35.737564,42.356178,19.314016,39.420311,35.975113,32.350883,65.044815,26.466984,48.138508,65.685059,51.520576,24.984825,75.370064,43.163639,59.080048,59.069889,24.271814,55.271683,45.425041,22.853764,36.307716,33.789692,44.046265,11.970423,55.947701,26.308582
60.529682,44.656788,58.086361,18.36025,20.345106,50.202499,35.309303,43.488281,18.517965,40.787785,36.226414,27.794195,62.728199,21.501917,48.045021,66.309448,47.366158,20.498627,75.197166,43.958504,58.924469,62.76775,25.558626,56.723335,46.28672,26.043203,29.121838,29.059872,43.777473,12.297462,56.964733,27.92408
61.000072,44.609142,58.990379,18.528723,16.370184,51.124298,33.216427,44.46257,20.176884,42.253372,36.485958,23.137594,59.614338,16.601061,47.916828,66.896118,42.112926,18.084551,74.878326,44.766701,58.775978,63.257095,29.329945,57.971943,47.249004,30.813753,23.032228,25.822884,40.893642,12.676003,57.933941,30.237444
61.29401,44.519901,59.853523,18.720295,14.244891,52.051037,29.685619,45.287788,24.088417,43.802521,36.744804,18.965313,55.687145,12.481312,47.787125,67.351654,36.189587,18.432789,74.458664,45.546947,58.672791,60.548481,34.720585,59.017788,48.297607,37.227276,18.64694,24.77825,36.0933,13.094609,58.71814,32.395638
61.420677,44.407848,60.655163,18.905399,14.611506,52.960461,25.167482,46.018131,30.033226,45.40387,36.986633,15.807577,51.224373,9.381751,47.684361,67.597443,30.323114,21.939066,73.935013,46.257854,58.618469,55.09256,40.184402,59.871712,49.399811,44.446297,16.225769,26.231327,30.325705,13.534767,59.182899,33.632206
61.326447,44.274834,61.379822,19.060081,17.880159,53.826725,20.165257,46.679905,37.432953,47.020134,37.203407,14.070728,46.687336,7.321065,47.613407,67.613945,25.423534,28.26391,73.28833,46.89119,58.595455,47.578579,44.12999,60.52404,50.520355,52.010201,15.738931,29.739096,24.543638,14.009007,59.25238,33.445534
60.927505,44.114227,62.005718,19.195589,23.930569,54.633469,15.212222,47.278702,45.02372,48.617138,37.40406,13.940188,42.577419,6.374813,47.558392,67.454292,22.444191,36.035725,72.52404,47.475887,58.578979,38.989342,45.489697,60.936954,51.62252,59.772312,17.041817,34.013428,19.592329,14.600359,58.917831,31.646528
60.164619,43.924351,62.523838,19.342865,31.855474,55.380756,10.950495,47.816254,51.624451,50.159008,37.603432,15.381912,39.377625,6.749156,47.493362,67.19043,22.250509,43.180141,71.63884,48.062603,58.547478,30.656025,43.882687,61.075333,52.683685,64.322166,19.992006,37.376228,16.203026,15.037014,58.214699,28.421379
59.021358,43.707935,62.95385,19.532211,40.085793,56.087517,8.097235,48.27417,56.863617,51.629929,37.80719,18.216297,37.497158,8.638241,47.396675,66.805763,25.410799,47.811043,70.565804,48.704506,58.494728,23.971285,39.526241,60.926952,53.707115,63.138203,24.447399,38.488274,14.960906,15.208882,57.166512,24.247826
57.492294,43.468277,63.338055,19.774057,47.12899,56.772362,7.267932,48.574589,60.963131,53.047924,38.013447,22.162411,37.19846,12.067203,47.255081,66.146797,31.816191,48.89061,69.160568,49.424442,58.438728,19.830582,33.12051,60.489639,54.695618,63.421921,30.166212,36.879333,16.236166,15.491573,55.725159,19.645651
55.533363,43.211906,63.720188,20.048738,52.358704,57.432701,8.799398,48.578907,64.258484,54.431156,38.222588,26.884815,38.508774,16.857994,47.058689,64.992607,40.367764,46.298058,67.234634,50.200809,58.415146,18.317846,25.730394,59.749435,55.628368,64.521805,36.686161,32.980385,20.10499,15.854877,53.773312,15.065509
53.019203,42.948612,64.136375,20.331776,55.98106,58.047142,12.664944,48.112854,66.991768,55.779968,38.441196,32.175598,41.117619,22.749228,46.800297,63.150482,49.268913,40.654724,64.641747,51.004452,58.437309,19.069189,18.591846,58.668507,56.459911,64.842064,43.291817,27.769159,26.273832,16.41275,51.17247,10.966882
49.736889,42.679054,64.609459,20.612141,58.532692,58.591522,18.466909,46.966602,69.301514,57.087814,38.675888,37.915966,44.358753,29.459936,46.479343,60.503067,56.860168,33.145363,61.397339,51.824364,58.473698,21.930578,12.827842,57.172951,57.137482,64.4655,49.096706,22.326359,34.088089,17.009512,47.832001,7.875787
45.464905,42.389942,65.135452,20.891386,60.471622,59.038631,25.52363,44.885944,71.244522,58.339424,38.923412,43.679287,47.396332,36.468391,46.101486,57.015697,62.138313,25.289036,57.699059,52.679379,58.490902,27.081964,9.215782,55.150211,57.630043,63.676189,53.456486,17.507622,42.570236,17.359146,43.805824,6.316958
40.105183,42.07156,65.674469,21.186649,61.985291,59.348648,33.132912,41.650002,72.833778,59.502445,39.175648,48.780178,49.525688,43.029121,45.676285,52.711254,64.693146,18.637032,53.909557,53.611977,58.493164,34.238918,8.101971,52.502441,57.938599,62.581436,56.281601,13.868223,50.511997,17.619329,39.376328,6.671674
33.858456,41.742126,66.148766,21.534184,63.084126,59.483238,40.618507,37.239681,74.064453,60.542892,39.436977,52.757641,50.336647,48.599377,45.213501,47.692459,64.410896,14.433203,50.66843,54.659977,58.502029,42.16951,9.453028,49.252453,58.067333,61.159077,57.847122,11.756602,56.962624,17.858469,35.0886,9.062768
27.481237,41.436279,66.457458,21.984173,63.764309,59.430035,47.180717,31.981115,74.926918,61.445019,39.726669,55.532364,49.65852,52.974342,44.713833,42.238434,61.295246,13.300517,48.928097,55.835476,58.525494,49.586857,13.018266,45.618549,57.994827,59.250095,58.565456,11.330179,61.652061,18.111782,31.730793,13.387252
22.318348,41.166737,66.518791,22.588203,64.065468,59.20475,52.180367,26.582869,75.435783,62.215038,40.061981,57.256615,47.486782,56.133278,44.158386,36.874584,55.559666,15.123365,49.601089,57.107647,58.547375,55.696674,18.53297,41.993793,57.70557,56.810108,58.811794,12.542541,64.807175,18.425161,30.194799,19.430079
19.761423,40.918255,66.308388,23.391935,64.062103,58.839935,55.478027,22.012388,75.636879,62.872066,40.44397,58.186939,43.990246,58.216496,43.515213,32.356781,47.800781,19.241203,52.940777,58.414364,58.550285,60.096832,25.675549,38.900612,57.258244,54.504639,58.781727,15.239735,66.799446,18.806911,31.145468,26.756927
20.515438,40.677071,65.858681,24.430515,63.84877,58.359325,57.354893,19.239893,75.588623,63.434914,40.857109,58.589535,39.541229,59.492897,42.766529,29.550602,38.986828,24.894472,58.085464,59.684299,58.541668,62.892075,33.627045,36.940132,56.7495,52.310589,58.53175,19.265259,67.969543,19.222479,34.588943,34.505844
24.230671,40.448963,65.229324,25.71217,63.502167,57.734711,58.279587,18.923733,75.346527,63.914925,41.277714,58.631687,34.734646,60.192616,41.918137,29.184946,30.309273,31.562246,63.237396,60.851898,58.547569,64.575043,41.078442,36.66766,56.21405,50.048443,58.091492,24.424395,68.55529,19.638243,39.587563,41.637367
29.701935,40.235577,64.469124,27.185196,63.047115,56.872173,58.690212,21.141367,74.952553,64.329086,41.690643,58.360901,30.300079,60.412289,40.985897,31.498226,22.99538,38.687138,66.444641,61.863327,58.587101,65.631638,47.020409,38.388538,55.613117,47.716072,57.501259,30.355057,68.682762,20.038744,44.447056,47.416203
35.393242,40.010159,63.597897,28.739195,62.462814,55.661617,58.830181,25.240452,74.432159,64.711823,42.100685,57.770485,26.920675,60.16687,39.991196,35.928455,18.109848,45.170235,66.387688,62.660107,58.659996,66.241158,51.092453,41.868832,54.887142,45.328251,56.796799,36.54406,68.400558,20.417749,47.471363,51.632828
39.903862,39.734051,62.587368,30.283041,61.713692,54.027992,58.719719,29.916513,73.802681,65.089912,42.52364,56.858707,25.155863,59.481613,38.965908,41.173592,16.339952,49.834389,62.67873,63.174877,58.753727,66.306404,53.508335,46.09856,53.991451,42.951172,55.995922,42.440849,67.723907,20.772612,47.678158,54.461014
42.273293,39.38504,61.32309,31.810265,60.772564,51.927635,58.256214,33.629734,73.072609,65.4487,42.968185,55.654564,25.409029,58.423443,37.950958,45.666451,17.867834,52.271706,55.68261,63.367168,58.84832,65.71524,54.854046,49.525219,52.896824,40.734921,55.091717,47.505569,66.672668,21.108027,44.920715,56.088142
42.158672,38.962227,59.597534,33.407555,59.641083,49.332787,57.336437,35.192234,72.250633,65.749779,43.426872,54.231575,27.908596,57.080067,36.982494,48.100246,22.520546,52.931446,46.241123,63.239399,58.922207,64.495773,55.623142,50.7887,51.565754,38.866196,54.040661,51.463139,65.28685,21.439423,39.653873,56.60321
39.825016,38.477295,57.17384,35.204666,58.386929,46.251648,55.954384,34.151295,71.357651,65.980965,43.879848,52.693668,32.655716,55.544735,36.075253,47.768379,29.946901,52.604408,35.509312,62.822369,58.966099,62.784977,56.07626,49.331093,49.93441,37.525337,52.777424,54.402424,63.636032,21.787128,32.757587,56.157749
35.900826,37.952087,53.889088,37.261879,57.118282,42.750702,54.252815,30.834301,70.414291,66.166077,44.314228,51.131573,39.087833,53.909706,35.212257,44.693909,39.091866,51.853168,24.86212,62.160496,59.001431,60.753998,56.425232,45.506969,47.911945,36.869675,51.282906,56.499386,61.81625,22.167835,25.436693,55.049015
31.101852,37.405849,49.778564,39.502876,55.884769,38.954079,52.473358,26.109402,69.435799,66.334068,44.736828,49.606186,45.895969,52.254181,34.362694,39.585766,47.870811,50.773754,15.799572,61.284088,59.077583,58.571201,56.838112,40.237442,45.401455,36.974152,49.647629,57.859386,59.906952,22.59067,19.035866,53.639103
26.146666,36.839321,45.189167,41.765888,54.67849,35.038403,50.809505,21.010834,68.437492,66.495438,45.17424,48.161007,51.828327,50.628986,33.526005,33.615784,54.648979,49.268623,9.763708,60.192783,59.223507,56.365864,57.366352,34.486835,42.346535,37.717186,48.055916,58.566547,57.941551,23.056963,14.747186,52.213688
21.744055,36.243187,40.807781,43.899567,53.497089,31.225412,49.287785,16.369488,67.431183,66.645393,45.667408,46.806622,56.397274,49.042965,32.746841,28.022936,59.292526,47.338703,7.799424,58.851429,59.420033,54.200459,57.97369,28.972057,38.783756,38.644524,46.683083,58.730503,55.920086,23.558531,13.319166,50.894753
18.495218,35.61269,37.532635,45.799305,52.357826,27.817312,47.799252,12.717769,66.429443,66.791756,46.268215,45.509937,59.664551,47.476471,32.09156,23.742544,62.391308,45.104977,10.226813,57.178684,59.624752,52.07206,58.595257,24.141737,34.978443,39.064945,45.561096,58.466911,53.835182,24.072252,14.83978,49.642952
16.781149,34.949234,36.236275,47.429699,51.273376,25.235554,46.231609,10.427578,65.453491,66.968826,47.043976,44.211487,61.915913,45.919674,31.641052,21.236444,64.446831,42.696243,16.615557,55.030598,59.807518,49.930447,59.166431,20.229605,31.550831,38.468422,44.54203,57.867653,51.687283,24.568281,18.674311,48.307278
16.793642,34.262829,37.49609,48.852505,50.238693,23.975107,44.571251,9.709719,64.520317,67.213455,48.047245,42.862427,63.427921,44.395447,31.471649,20.583771,65.655266,40.168434,25.836226,52.218708,59.965141,47.728981,59.635139,17.375755,29.35387,36.832642,43.395733,56.972183,49.485638,25.034201,23.771397,46.679516
18.765284,33.571194,41.209923,50.212418,49.223877,24.473148,42.906952,10.506297,63.634354,67.535316,49.268017,41.441978,64.409561,42.944576,31.631756,21.748974,66.115692,37.539139,35.936275,48.653595,60.111851,45.478943,59.962467,15.788927,29.162523,34.57336,41.949734,55.753136,47.233891,25.491699,29.246885,44.56535
23.102825,32.891575,46.309128,51.651737,48.181881,26.896282,41.362679,12.570571,62.804634,67.896576,50.644238,39.945118,65.012253,41.591434,32.133926,24.733305,65.998917,34.879787,44.74955,44.586105,60.264038,43.252766,60.099922,15.814458,31.358852,32.347149,40.190292,54.159554,44.912437,25.985603,34.553261,41.915977
29.872278,32.226021,50.985775,53.218925,47.079269,30.881208,40.025318,15.681171,62.041496,68.219345,52.094128,38.396107,65.333191,40.329617,32.954479,29.563766,65.549583,32.322254,51.141174,40.671825,60.433918,41.17329,59.970768,17.751802,35.637695,30.793516,38.292915,52.213814,42.49445,26.541819,39.048473,38.971504
37.915974,31.556227,53.447849,54.877419,45.904213,35.395138,38.912056,19.77356,61.335449,68.408974,53.542095,36.885342,65.407921,39.142376,34.049816,36.11768,65.018303,29.940918,55.229107,37.717445,60.630058,39.37991,59.502182,21.466585,40.862488,30.256441,36.555988,50.070896,40.000988,27.138165,41.945068,36.293751
45.244236,30.874714,52.595016,56.574944,44.653568,38.950508,37.98299,25.0273,60.681446,68.371376,54.962517,35.560627,65.212837,38.02803,35.367069,43.53474,64.559326,27.7181,57.630306,36.41053,60.854939,37.908325,58.660889,26.204369,45.383389,30.654974,35.252007,47.980568,37.555901,27.741699,42.863693,34.661629
50.607208,30.200405,48.252602,58.292015,43.33519,40.213013,37.168381,31.704256,60.097935,68.018768,56.365696,34.571941,64.716072,37.000217,36.861,50.046104,64.165161,25.60841,58.8363,37.164925,61.100201,36.640221,57.448463,31.077982,47.770687,31.519815,34.495361,46.184563,35.361923,28.341978,41.983452,34.845936
54.026218,29.557886,41.058716,60.042187,41.97863,38.564026,36.405731,39.459892,59.601398,67.295158,57.726913,34.007111,63.939106,36.070446,38.494686,54.097248,63.681149,23.620333,59.138596,39.818214,61.354694,35.396702,55.87978,35.802582,47.391087,32.163975,34.186142,44.799568,33.584953,28.930387,39.722244,37.274052
56.144489,28.975403,32.178841,61.840645,40.61375,34.272945,35.682396,47.00227,59.198486,66.195007,58.96122,33.854195,62.957691,35.239456,40.251232,55.38105,62.906445,21.84552,58.739048,43.347897,61.618206,34.066303,53.969181,40.543499,44.448456,32.009041,34.035442,43.773823,32.231709,29.484423,36.575974,41.666416
57.490963,28.495087,23.20071,63.6548,39.252693,28.362118,35.045788,53.126057,58.881748,64.736198,59.981018,33.996243,61.866737,34.493977,42.120037,54.776695,61.732498,20.352671,57.782768,46.096905,61.903847,32.699879,51.740829,45.08897,39.74184,30.998581,33.689838,42.952152,31.133772,29.992939,33.102268,46.879177
58.187641,28.159433,16.092791,65.391037,37.896957,22.223202,34.575722,57.540817,58.609474,62.921974,60.742764,34.255272,60.736828,33.809048,44.058662,53.488998,60.266953,19.067411,56.348316,46.518543,62.233871,31.468365,49.246662,48.829765,34.439762,30.154142,32.937351,42.181469,30.07575,30.488411,29.940006,51.240265
58.213612,27.985407,12.316252,66.963791,36.542568,17.099943,34.34948,60.569843,58.308216,60.738838,61.258148,34.472755,59.584843,33.1675,45.998066,52.241726,58.84222,17.835911,54.45013,43.957085,62.624069,30.511475,46.562225,51.383163,29.708233,31.177114,31.916058,41.389797,28.936533,31.0369,27.793554,53.386654
57.720238,27.957851,11.123765,68.329582,35.187199,13.79684,34.408909,62.573185,57.932743,58.20723,61.568756,34.577591,58.398174,32.568493,47.884518,51.136578,57.916073,16.593916,52.136772,38.888321,63.057949,29.858694,43.780697,52.771603,26.280411,33.548958,31.072262,40.59483,27.713984,31.699287,27.165602,53.139271
57.067913,28.060904,12.209406,69.452728,33.835552,12.728408,34.739891,63.685295,57.510151,55.428623,61.686562,34.600586,57.179695,32.010857,49.697502,50.002258,57.922012,15.408151,49.644348,32.527924,63.499172,29.446638,41.017555,53.26096,24.327648,36.925285,30.808544,39.859165,26.476379,32.494591,27.920834,51.665279
56.579773,28.307039,16.927488,70.289902,32.487526,14.037983,35.26088,63.967838,57.103188,52.601566,61.593231,34.598473,55.95932,31.485214,51.430645,48.718842,59.001247,14.408605,47.446766,26.194088,63.932217,29.16246,38.390553,53.149864,23.568516,40.939301,31.18244,39.241829,25.315155,33.373055,29.091949,50.517609
56.307217,28.717009,23.932613,70.802147,31.125071,17.536182,35.825806,63.512653,56.748108,50.032158,61.269321,34.576862,54.774956,30.981846,53.074802,47.241322,60.789158,13.692981,46.093285,20.846331,64.364075,28.907776,35.981323,52.623638,23.445679,44.520218,31.900362,38.769558,24.299114,34.235161,29.315384,50.377159
56.125782,29.288809,31.710419,70.961754,29.742664,22.539124,36.274597,62.414921,56.434387,48.084324,60.694008,34.495159,53.657574,30.499166,54.632126,45.42725,62.456871,13.250328,45.889717,16.932993,64.796944,28.608728,33.83997,51.776379,23.441025,46.850594,32.57312,38.428333,23.438988,34.996212,27.721472,50.934746
55.835613,29.999094,39.296764,70.757164,28.38032,28.082605,36.497196,60.784157,56.123497,47.006294,59.827641,34.354671,52.622932,30.045305,56.128738,43.029537,62.917942,12.97105,46.548653,14.47029,65.213928,28.178373,32.016037,50.690056,23.4202,47.850201,32.980076,38.177284,22.694548,35.631363,24.485603,51.674664
55.135868,30.819223,45.934124,70.215462,27.078062,33.558685,36.455017,58.785786,55.779701,46.833752,58.587475,34.22504,51.668045,29.630075,57.597736,39.942577,61.279606,12.724713,47.126194,13.210466,65.589661,27.547424,30.565273,49.467098,23.721209,47.884434,33.131432,37.974159,22.009163,36.148033,20.6245,52.28706
53.778263,31.72473,51.060574,69.38903,25.841063,38.854713,36.177902,56.586609,55.389347,47.440636,56.846485,34.15414,50.784554,29.255102,59.057972,36.423531,57.421795,12.425368,46.502766,12.896145,65.916962,26.729153,29.528927,48.184181,25.039597,47.332371,33.164803,37.791126,21.340071,36.569542,17.252426,52.629414
51.695896,32.698254,54.633846,68.293495,24.654945,43.879333,35.753994,54.27,54.96489,48.555134,54.469017,34.123123,49.975372,28.907209,60.509281,33.06749,52.220322,12.058661,44.068481,13.564727,66.228477,25.85903,28.903193,46.820354,28.139679,46.434292,33.21497,37.62204,20.674807,36.947258,14.86207,52.653049
49.055592,33.736774,57.080009,66.875854,23.502836,48.29594,35.293968,51.881893,54.53178,49.74815,51.380653,34.06953,49.258614,28.560656,61.93351,30.554001,47.174438,11.670389,40.109955,15.570957,66.576859,25.101883,28.654917,45.235107,33.327042,45.32457,33.332115,37.478352,20.034286,37.340889,13.209783,52.388611
46.454266,34.844059,58.925961,65.042198,22.379347,51.737579,34.88028,49.517109,54.110706,50.509121,47.624641,33.927876,48.672043,28.196531,63.299297,29.330622,43.68404,11.362848,35.717976,19.176161,66.987114,24.515398,28.775986,43.23275,39.948784,44.10231,33.469837,37.371891,19.457365,37.795193,11.775672,51.893654
44.832447,36.00415,60.531651,62.70533,21.300125,54.118454,34.540714,47.268902,53.707565,50.420563,43.396725,33.674423,48.268951,27.819481,64.580086,29.442715,42.454155,11.263123,32.223091,24.195328,67.45015,24.055902,29.2882,40.678581,46.713902,42.878998,33.540249,37.306698,18.973364,38.326168,10.287077,51.200871
44.865543,37.175148,62.00771,59.783875,20.299112,55.618973,34.251808,45.118542,53.310741,49.268326,39.097275,33.337894,48.104877,27.448435,65.752846,30.581957,43.409676,11.409399,30.523642,30.11894,67.943336,23.657278,30.182079,37.593571,52.676178,41.755329,33.485542,37.276211,18.587118,38.921421,9.027966,50.34304
46.371696,38.328747,63.296516,56.216774,19.413013,56.451817,33.95673,42.957809,52.902912,47.048866,35.33194,32.977711,48.225384,27.094488,66.77272,32.281345,45.905434,11.721048,30.82579,36.27879,68.446831,23.279684,31.327234,34.222649,57.522736,40.767357,33.299053,37.256855,18.28565,39.559849,8.818219,49.367706
48.655457,39.466698,64.31723,52.040707,18.663258,56.773727,33.593456,40.707237,52.478657,43.941456,32.779636,32.659317,48.639992,26.753485,67.561188,34.202667,48.917839,12.112022,32.837296,41.851871,68.953407,22.921658,32.453712,31.024227,61.327435,39.871082,33.019333,37.213341,18.044205,40.206978,10.438541,48.295715
51.246445,40.608669,65.020119,47.489803,18.045973,56.740818,33.129173,38.38179,52.044743,40.263981,31.955908,32.431797,49.301079,26.415211,68.032661,36.215923,51.549778,12.542888,36.029213,46.108608,69.4589,22.599707,33.296516,28.492493,64.467072,38.962879,32.710049,37.123199,17.828562,40.796497,13.896664,47.106316
53.875904,41.784901,65.378578,43.08699,17.527172,56.482216,32.581303,36.094948,51.604389,36.392529,32.93837,32.318874,50.089962,26.077297,68.142265,38.196804,53.4464,12.985978,39.73774,48.745968,69.952972,22.310467,33.773132,26.887362,67.388397,37.940769,32.412285,36.998123,17.60504,41.229221,18.270714,45.766766
56.198711,42.995277,65.392281,39.640003,17.050434,56.0242,32.011341,34.015335,51.14698,32.674065,35.160137,32.318989,50.799625,25.754009,67.906944,39.93055,54.610256,13.416248,43.301533,49.910149,70.42997,22.041937,33.962219,26.063442,70.221092,36.788239,32.12191,36.878036,17.355425,41.615871,22.275208,44.243439
57.794128,44.193558,65.082314,37.995754,16.558435,55.301632,31.499493,32.295479,50.649635,29.413193,37.496582,32.398552,51.175282,25.472548,67.379318,41.226906,55.155373,13.81737,46.301685,50.004356,70.903244,21.800755,33.971363,25.577433,72.800301,35.583408,31.81282,36.796623,17.092855,42.040455,24.96357,42.481159
58.46022,45.327908,64.481216,38.58363,16.028578,54.227627,31.106867,31.021732,50.091724,26.942444,38.737484,32.494709,51.055634,25.25783,66.591835,42.035107,55.197861,14.186286,48.602421,49.419407,71.394028,21.598339,33.880917,24.983402,74.958992,34.43948,31.472137,36.752132,16.854471,42.570961,25.988554,40.440353
58.465096,46.370213,63.662823,41.131809,15.505679,52.7519,30.846666,30.199165,49.472446,25.702946,38.159679,32.552887,50.540234,25.109947,65.534576,42.42844,54.826584,14.510063,50.228397,48.358387,71.894356,21.431532,33.751652,24.042196,76.630592,33.472595,31.118158,36.718517,16.674051,42.941936,25.601336,38.204998
58.239494,47.310513,62.739094,44.729298,15.078415,50.884613,30.687653,29.774719,48.828938,26.218515,35.761364,32.550304,50.023304,24.991968,64.191833,42.52634,54.154514,14.720104,51.294281,46.925854,72.35376,21.296658,33.636768,22.793997,77.814697,32.753582,30.787201,36.679462,16.567101,43.206425,24.541609,35.998188
57.99004,48.142551,61.785732,48.197758,14.810168,48.651855,30.57486,29.696951,48.222111,28.855635,32.057671,32.473484,49.933163,24.84952,62.533344,42.457024,53.305328,14.682708,51.953606,45.278248,72.732918,21.211363,33.57515,21.473724,78.542465,32.144077,30.509272,36.63591,16.532663,43.567558,23.559881,34.047089
57.649467,48.854156,60.832249,50.480476,14.702032,46.038406,30.454699,29.897207,47.683411,33.40435,27.76581,32.304157,50.334644,24.64156,60.435932,42.340027,52.356533,14.272388,52.351284,43.629776,73.034576,21.194689,33.584965,20.292574,78.881645,31.461418,30.291473,36.584637,16.559166,43.984474,22.929932,32.448833
57.062462,49.423985,59.900402,50.853676,14.702134,43.02935,30.299105,30.227934,47.201607,38.896908,23.640656,32.041317,50.938557,24.362032,57.670265,42.236427,51.338238,13.52334,52.599094,42.140018,73.272614,21.260651,33.67432,19.284107,78.929924,31.190567,30.119989,36.511406,16.637009,44.401424,22.51087,31.157434
56.209236,49.844631,59.005745,49.077995,14.759555,39.705982,30.11746,30.520002,46.750847,44.116844,20.367786,31.708937,51.465862,24.043482,54.035965,42.123035,50.252972,12.699178,52.774086,40.814163,73.457626,21.409588,33.854858,18.345745,78.780693,31.178255,29.970175,36.411232,16.772387,44.803158,22.080681,30.066957
55.25745,50.157658,58.144852,45.399834,14.868426,36.278172,29.942892,30.67922,46.311516,48.345886,18.375755,31.334459,51.783092,23.737301,49.584133,41.954105,49.089035,12.088849,52.914322,39.538052,73.616997,21.620649,34.137291,17.36084,78.495804,31.147837,29.817316,36.298172,16.976465,45.196133,21.51405,29.088087
54.41317,50.442974,57.300037,40.272213,15.046956,33.073616,29.806126,30.72608,45.874783,51.503719,17.699444,30.940269,51.869225,23.484118,44.835739,41.759418,47.813866,11.81647,53.025715,38.218483,73.780914,21.866138,34.520962,16.265787,78.091652,31.074381,29.650574,36.189598,17.240971,45.588913,20.822632,28.175539
53.740665,50.776505,56.448559,34.167507,15.290998,30.518433,29.722418,30.748549,45.440987,53.810501,18.073545,30.543245,51.799931,23.299896,40.837498,41.663712,46.395737,11.877623,53.11475,36.867546,73.944443,22.115894,34.999638,15.077056,77.539101,30.978178,29.479469,36.088516,17.540068,45.979866,20.130743,27.327492
53.170582,51.191383,55.574677,27.723927,15.566446,29.071793,29.692894,30.831289,45.017559,55.442696,19.147181,30.15287,51.666695,23.18202,38.820503,41.786945,44.840252,12.177042,53.198803,35.580551,74.062035,22.339439,35.571255,13.886729,76.789223,30.861826,29.325439,35.986782,17.854397,46.358944,19.563398,26.572004
52.656235,51.671146,54.674259,21.882568,15.841556,29.067686,29.7066,31.030849,44.618557,56.450665,20.676394,29.771147,51.505508,23.115892,39.690582,42.136982,43.168736,12.549898,53.279198,34.497025,74.085159,22.516607,36.235477,12.797263,75.800026,30.689144,29.209753,35.881737,18.180559,46.714172,19.163521,25.939428
52.329422,52.177471,53.753387,17.720594,16.103636,30.511749,29.747702,31.370077,44.261539,56.90456,22.686638,29.401411,51.302353,23.080389,43.571941,42.613548,41.417427,12.870384,53.339077,33.77446,73.992104,22.64105,36.986141,11.862001,74.54834,30.401964,29.1493,35.780125,18.516081,47.034946,18.888853,25.430548
52.347977,52.680874,52.834133,16.072645,16.359331,32.911461,29.803425,31.834211,43.958866,57.022144,25.54561,29.049419,51.024757,23.059383,49.504757,43.077923,39.653641,13.090241,53.379562,33.526424,73.795769,22.721342,37.805233,11.113251,73.029213,29.989914,29.149006,35.686272,18.84952,47.313946,18.630568,25.004225
52.566837,53.167679,51.952339,17.140747,16.624121,35.24654,29.858473,32.360394,43.717289,57.120575,29.556679,28.712141,50.644394,23.049171,55.663372,43.426693,37.960075,13.193351,53.431728,33.731075,73.538261,22.788078,38.659725,10.613672,71.250465,29.510036,29.18919,35.59433,19.163925,47.55957,18.264277,24.593479
52.712818,53.598328,51.135307,20.382622,16.911335,36.24865,29.890417,32.843842,43.545067,57.474174,34.087936,28.375708,50.153496,23.057144,60.134235,43.64296,36.416019,13.173362,53.525665,34.193424,73.260925,22.888161,39.50106,10.429425,69.235443,29.045462,29.226921,35.496387,19.437435,47.804188,17.705938,24.130314
52.72253,53.883873,50.373177,24.934557,17.220619,34.938778,29.882587,33.17152,43.437973,58.183964,37.709473,28.026878,49.563507,23.093634,61.640335,43.789783,35.076042,13.037021,53.663445,34.626602,72.980072,23.063723,40.266388,10.550653,67.025047,28.670235,29.226341,35.394562,19.648434,48.067192,16.953402,23.581806
52.648674,53.917519,49.621666,30.164923,17.525841,31.149935,29.828272,33.25399,43.349533,59.091957,39.440441,27.659666,48.90443,23.163845,59.787846,43.94669,33.993843,12.801036,53.831745,34.807152,72.700089,23.308445,40.902946,10.86574,64.685188,28.424023,29.17798,35.295147,19.798267,48.328259,16.10973,22.98678
52.501984,53.593517,48.83469,35.703403,17.800997,25.76446,29.722227,33.048409,43.221642,59.791664,39.336555,27.275536,48.219032,23.267185,54.898567,44.149128,33.223927,12.490775,54.020954,34.689671,72.411491,23.540302,41.394936,11.214069,62.335926,28.310835,29.083538,35.197872,19.916288,48.568027,15.346243,22.422318
52.268124,52.79266,47.994965,41.182575,18.040842,20.453346,29.558474,32.576992,43.029507,59.78434,38.125381,26.887335,47.536949,23.398523,47.693516,44.385353,32.781635,12.164519,54.22187,34.426754,72.078049,23.682165,41.755421,11.463818,60.14872,28.32276,28.940939,35.102779,20.030603,48.799477,14.816154,21.929352
51.953827,51.37278,47.111977,46.049728,18.250967,16.951761,29.338726,31.929905,42.780987,58.721123,36.524925,26.518372,46.862129,23.544493,39.064949,44.640991,32.644619,11.911763,54.425579,34.263023,71.671669,23.747007,42.004921,11.567534,58.264507,28.448479,28.741289,35.027027,20.143347,49.039219,14.579923,21.504705
51.664597,49.211338,46.192844,49.619148,18.438913,16.250578,29.075048,31.200706,42.508286,56.607346,34.861721,26.191679,46.189808,23.686829,29.979376,44.923073,32.75581,11.779938,54.631004,34.336765,71.211456,23.819321,42.16048,11.562642,56.688702,28.678688,28.475071,34.999153,20.232443,49.293896,14.573242,21.131985
51.571957,46.246578,45.221756,51.472801,18.605511,18.263836,28.782322,30.419699,42.262268,53.904053,33.224205,25.92189,45.516094,23.812384,21.48447,45.245632,33.03727,11.733728,54.841782,34.59367,70.742805,24.007954,42.236725,11.515383,55.261517,29.022013,28.142204,NA,20.266146,49.578434,14.639622,20.799664
51.713326,42.463387,44.170963,51.720612,18.752094,22.10227,28.474316,29.581106,42.094315,51.462761,31.67095,25.715052,44.842152,23.916643,14.686788,45.616196,33.423782,11.712183,55.053711,34.880436,70.304558,24.405096,42.254562,11.46747,53.748875,29.483624,27.757242,NA,20.218094,49.912514,14.620521,20.525343
51.951923,37.937744,43.017845,50.836597,18.893324,26.731344,28.158531,28.696114,42.03083,50.089005,30.246248,25.563322,44.179039,23.999268,10.538795,46.037132,33.867062,11.672944,55.261192,35.056458,69.921181,25.011961,42.23909,11.433122,51.990589,29.957594,27.346315,NA,20.081175,50.311432,14.438806,20.371944
52.13044,33.008015,41.754375,49.324047,19.040821,31.554203,27.831804,27.803465,NA,49.945866,28.95566,25.442062,43.537506,24.059488,9.457609,46.500931,34.317833,11.596078,55.470463,35.048878,69.601723,25.674387,42.205086,11.429145,49.963398,NA,26.940393,NA,19.879349,50.775372,14.118693,20.423309
52.174427,28.404486,40.397583,47.525673,19.176796,36.416828,27.487284,26.945711,NA,50.622864,27.780399,25.326349,42.925896,24.098667,11.128099,46.984241,34.717991,11.488643,55.696304,34.857216,69.343956,26.18651,42.154285,11.496735,47.73674,NA,26.568233,NA,19.661444,51.278042,13.748729,20.709764
52.093792,25.114655,38.987988,45.657188,19.272585,41.114719,27.124718,26.153822,NA,51.609585,26.699249,25.211395,42.36158,24.125975,14.862137,47.471779,35.011532,11.369796,55.95499,34.531727,69.140556,26.467464,42.082729,11.6741,45.466068,NA,26.244944,NA,19.470463,51.773434,13.429986,21.117208
51.953205,24.002493,37.573616,43.91906,19.322691,45.152653,26.756754,25.458786,NA,52.523914,25.695911,25.116613,41.863041,24.155472,20.266045,47.976673,35.170441,11.251178,56.263454,34.148495,68.989792,26.573801,41.986378,11.928052,43.493561,NA,25.964052,NA,19.324244,52.227669,13.234053,21.425451
51.796101,25.446974,36.19553,42.454967,19.344927,48.122334,26.408108,24.914906,NA,53.197449,24.793856,25.069986,41.43454,24.19536,27.369665,48.509922,35.205032,11.146917,56.63076,33.780056,68.900108,26.590967,41.867672,12.128019,42.336842,NA,25.698532,NA,19.226212,52.639297,13.175305,21.467772
51.622028,29.159115,34.879444,41.205116,19.35887,50.074509,26.101603,24.592503,NA,53.584503,24.071276,25.088545,41.07098,24.241947,35.839336,49.048191,35.142426,11.067435,57.034554,33.451485,68.88073,26.543909,41.73436,12.144931,42.371483,NA,25.405031,NA,19.176849,53.034725,13.198148,21.196648
51.415573,34.096958,33.627296,39.863579,19.368601,51.397896,25.844299,24.531622,NA,53.638298,23.59396,25.166693,40.758678,24.286022,44.425762,49.54501,34.996811,11.009631,57.433102,33.141159,68.930161,26.422899,41.583542,11.99243,43.476192,NA,25.038101,NA,19.164076,53.454948,13.208033,20.700304
51.139076,38.63641,32.420338,38.005928,19.365757,52.421978,25.628366,24.705793,NA,53.323296,23.37562,25.275871,40.474178,24.319559,51.79549,49.950809,34.758621,10.964483,57.803932,32.820938,69.032471,26.256151,41.398552,11.792012,45.141548,NA,24.576477,NA,19.161922,53.928627,13.13945,20.19253
50.757366,41.224415,31.225897,35.316051,19.341738,53.229568,25.442194,25.035299,NA,52.672848,23.394608,25.381069,40.204659,24.337044,57.372791,50.233738,34.406933,10.926361,58.134777,32.487103,69.166313,26.095461,41.164616,11.613059,46.8908,NA,24.040577,NA,19.14328,54.468727,12.991883,19.847607
50.271393,41.049957,30.014048,31.824869,19.295727,53.768459,25.281654,25.423637,NA,51.77021,23.596811,25.457848,39.955795,24.336231,61.259186,50.393227,33.938057,10.901731,58.422779,32.165134,69.323189,25.963398,40.876884,11.418129,48.453342,NA,23.487125,NA,19.088949,55.098701,12.811963,19.696617
49.696125,38.192413,28.767151,28.006214,19.239311,53.994961,25.155008,25.772209,NA,50.689293,23.917999,25.501877,39.738186,24.316647,63.775173,50.452347,33.392071,10.910903,58.676838,31.883253,69.512817,25.863277,40.537544,11.150473,49.705479,NA,22.979185,NA,18.987797,55.864967,12.665523,19.697042
49.041222,33.442204,27.481823,24.624727,19.188301,53.913918,25.076374,25.975697,NA,49.480064,24.300741,25.53207,39.557831,24.284826,65.185555,50.443295,32.852333,10.972288,58.910435,31.643499,69.752441,25.801435,40.15321,10.817235,50.622177,NA,22.544867,NA,18.83614,56.800625,12.60452,19.79287
48.332436,27.915871,26.183374,22.392469,19.1551,53.562809,25.05521,25.936968,NA,48.191051,24.669502,25.575838,39.413979,24.255966,65.776222,50.390793,32.417244,11.103852,59.127861,31.428244,70.05426,25.786705,39.732517,10.46142,51.268097,NA,22.159636,NA,18.635759,57.86171,12.64255,19.920065
47.614445,22.621492,24.929237,21.591589,19.150213,53.016911,25.086477,25.625574,NA,46.874428,24.936174,25.64546,39.301281,24.242239,65.863327,50.307343,32.153751,11.355051,59.310963,31.229027,70.416878,25.823841,39.288555,10.108893,51.744637,NA,21.758141,NA,18.38125,58.931412,12.763666,20.011698
46.936749,18.26292,23.789059,21.930901,19.18256,52.381931,25.15028,25.137863,NA,45.57531,25.04834,25.727594,39.215885,24.244127,65.613167,50.195889,32.064011,11.794994,59.443451,31.05274,70.823608,25.913773,38.839565,9.763979,52.106503,NA,21.273693,NA,18.053051,59.913742,12.933833,20.01145
46.349915,15.312272,22.816063,22.835558,19.256092,51.732353,25.225809,24.698593,NA,44.324734,25.009321,25.790535,39.159897,24.256947,65.051292,50.046032,32.095657,12.406694,59.543076,30.908276,71.242218,26.033676,38.392624,9.431352,52.337669,NA,20.688848,NA,17.640539,60.77317,13.10769,19.883877
45.893898,14.133582,22.024,23.933628,19.369297,51.077278,25.306564,24.575497,NA,43.141239,24.860943,25.808199,39.137459,24.281748,64.152786,49.836998,32.175854,12.904875,59.639656,30.79216,71.622963,26.085852,37.933174,9.12871,52.402622,NA,20.03863,NA,17.194403,61.454845,13.241657,19.611219
45.585423,14.938519,21.388529,25.277399,19.505806,50.390339,NA,24.93766,NA,42.037308,24.671124,25.780994,39.146725,24.327948,62.849861,49.547661,32.235718,12.864367,59.73991,30.693956,71.914063,25.942219,37.436218,8.875528,52.30352,NA,19.379566,NA,16.838909,61.876865,13.296247,19.194286
45.377293,17.657921,20.863628,27.129459,19.619837,49.66843,NA,25.754904,NA,41.021374,24.520672,25.733345,39.175724,24.404779,61.071178,49.167667,32.230927,12.312846,59.826385,30.614254,72.093735,25.595964,36.877583,8.68236,52.092773,NA,18.769081,NA,16.66239,61.992577,13.24574,18.670668
45.111427,21.919147,20.392902,29.576405,19.668032,48.950363,NA,26.840635,NA,40.096176,24.467007,25.692675,39.199303,24.50902,58.851002,48.706528,32.159222,11.668015,59.873573,30.542601,72.180107,25.206869,36.238762,8.547635,51.837971,NA,18.252081,NA,16.604746,61.79472,13.099856,18.122446
44.570652,27.108999,19.91292,32.356754,19.648781,48.279957,NA,27.997728,NA,39.25848,24.520498,25.677429,39.1926,24.620975,56.395908,48.195305,32.050869,11.199141,59.878422,30.428699,72.218544,24.942266,35.512352,8.458605,51.574165,NA,17.849447,NA,16.534012,61.278461,12.901732,17.65423
43.61816,32.506569,19.363991,34.981644,19.582417,47.669075,NA,29.099319,NA,38.49984,24.645348,NA,39.147514,24.717184,54.004559,47.672356,31.935547,10.945481,59.874954,30.202415,72.250679,24.838093,34.700611,8.409892,51.305084,NA,17.561571,NA,16.402306,60.431633,12.702999,17.357492
42.32122,37.676991,18.710449,36.974041,19.489418,47.091503,NA,30.07061,NA,37.807495,24.78006,NA,39.073185,NA,51.99091,47.16296,31.818342,10.852034,59.910465,29.819654,72.270203,24.833603,33.809902,8.420808,51.035103,NA,17.378616,NA,16.259659,59.223671,12.533978,17.270554
40.93082,42.694721,17.961092,38.098358,19.391741,46.50845,NA,30.863155,NA,37.166588,24.866964,NA,38.984158,NA,50.658772,46.674995,31.684093,10.853911,60.018803,29.28219,72.216179,24.857296,32.852253,8.520689,50.779942,NA,17.278927,NA,16.163692,57.553844,12.383533,17.362774
39.67337,47.637318,17.181942,38.443638,19.310207,45.90144,NA,31.465521,NA,36.562878,24.860979,NA,38.881027,NA,50.259392,46.21048,31.520782,10.894799,60.205563,28.622198,72.047729,24.869329,31.842066,8.715575,50.564636,NA,NA,NA,NA,55.23164,12.218019,17.559427
38.593887,52.259117,16.485893,38.298622,NA,45.285587,NA,31.911842,NA,35.987976,24.727163,NA,38.743935,NA,50.819672,45.770531,31.331194,10.933705,60.451324,27.882639,71.793907,24.847588,30.78899,8.963357,50.414814,NA,NA,NA,NA,52.024456,12.013174,17.790182
37.645569,56.268364,16.009684,37.973972,NA,44.694485,NA,32.258232,NA,35.445801,24.42758,NA,38.552666,NA,52.023186,45.357803,31.125433,10.958814,60.731838,27.098564,71.526436,24.779873,29.709232,9.188333,50.344776,NA,NA,NA,NA,47.763023,11.749646,18.011726
36.830074,59.486504,15.874143,37.704346,NA,44.156315,NA,32.544292,NA,34.952587,23.920418,NA,38.305946,NA,53.297768,44.973286,30.916351,10.996379,61.034153,26.290266,71.340355,24.66733,28.642399,9.324488,50.35627,NA,NA,NA,NA,42.468185,11.40307,18.193861
36.165333,61.734367,16.115002,37.586678,NA,43.686825,NA,32.785225,NA,34.529625,23.203709,NA,38.019039,NA,53.938477,44.612213,30.718496,11.114376,61.351841,25.474964,71.308784,24.521381,27.637228,9.338734,50.444225,NA,NA,NA,NA,36.415302,10.970002,18.322248
35.607227,62.840611,16.615967,37.539028,NA,43.28912,NA,32.997219,NA,34.200432,22.343653,NA,37.713612,NA,53.285789,44.275665,30.54635,11.397929,61.67738,24.681631,71.42099,24.363478,26.725046,9.237634,50.596592,NA,NA,NA,NA,30.167919,10.485467,18.406836
35.039349,62.883739,17.133848,37.353878,NA,42.948948,NA,33.198132,NA,33.990311,21.439619,NA,37.412739,NA,51.022621,43.982552,30.426252,11.861307,62.004116,23.959553,71.584785,24.225401,25.917824,9.062106,50.795929,NA,NA,NA,NA,24.589689,10.000463,18.456745
34.27626,62.288406,17.430525,36.862495,NA,42.637096,NA,33.382465,NA,33.913055,20.572989,NA,37.141918,NA,47.420101,43.755302,30.400135,12.365956,62.327106,23.376278,71.680435,24.135393,25.21129,8.862,51.023949,NA,NA,NA,NA,20.719484,9.558428,18.46283
33.161213,61.55624,17.39155,36.069241,NA,42.326675,NA,33.514877,NA,33.954372,19.797243,NA,36.92395,NA,43.246468,43.594395,30.494696,12.729478,62.64048,22.994471,71.617943,24.093483,24.581676,8.678413,51.256775,NA,NA,NA,NA,19.526052,9.182743,18.408363
31.756308,60.962444,17.048771,35.092804,NA,42.008881,NA,33.561333,NA,34.086311,19.147911,NA,36.762184,NA,39.385502,43.474365,30.699547,12.89838,62.93845,22.828428,71.362663,24.076731,23.995348,8.537754,51.464939,NA,NA,NA,NA,21.574669,8.866404,18.274176
30.322567,60.530338,16.540508,34.0396,NA,41.684387,NA,33.525909,NA,34.298225,18.654032,NA,NA,NA,36.529102,43.359554,30.97784,12.92966,63.21302,22.824934,70.91301,24.063683,23.430534,NA,51.628159,NA,NA,NA,NA,26.532532,8.583718,18.031956
29.066236,60.17337,16.048733,32.970219,NA,41.348907,NA,33.442215,NA,34.592003,18.352247,NA,NA,NA,35.07756,43.216854,31.284138,12.898865,63.45533,22.895609,70.304482,24.044378,22.89068,NA,51.744003,NA,NA,NA,NA,32.931515,8.320157,17.648474
28.060261,59.802307,15.720552,31.939014,NA,41.000389,NA,33.329498,NA,34.963062,18.266972,NA,NA,NA,35.054131,43.022789,31.575895,12.860082,63.656551,22.963133,69.625648,24.016012,22.396034,NA,51.815834,NA,NA,NA,NA,38.679012,8.078685,17.109648
27.332649,59.369946,15.608687,31.002319,NA,40.650616,NA,33.180851,NA,35.393757,18.365417,NA,NA,NA,36.036388,42.770924,31.820589,NA,63.800915,22.992332,68.947014,23.979305,21.957762,NA,51.83987,NA,NA,NA,NA,42.048595,7.869266,16.449821
26.87579,58.866325,15.671098,30.178787,NA,40.311962,NA,32.986252,NA,35.849968,18.55855,NA,NA,NA,37.342953,42.465027,32.002136,NA,63.869778,23.000132,68.226959,23.938341,21.565857,NA,51.816631,NA,NA,NA,NA,42.275856,7.706399,15.771168
26.551804,58.292568,15.81597,29.450991,NA,39.976116,NA,32.744118,NA,36.29039,18.770107,NA,NA,NA,38.388477,42.107193,32.11853,NA,63.863071,23.025713,67.312477,23.897322,21.195313,NA,51.760891,NA,NA,NA,NA,39.512096,7.597569,15.201292
26.079992,57.673851,15.95383,28.838121,NA,39.613113,NA,32.466293,NA,36.686317,19.015049,NA,NA,NA,38.908371,41.703579,32.175182,NA,63.79961,23.081812,66.003876,23.857967,20.833456,NA,51.689682,NA,NA,NA,NA,34.528618,7.533906,14.808277
25.236887,57.087208,16.024141,28.396202,NA,39.197838,NA,32.189026,NA,37.025227,19.3894,NA,NA,NA,38.945057,41.261002,32.182713,NA,63.706352,23.137238,64.097816,23.82251,20.504536,NA,51.617397,NA,NA,NA,NA,28.343229,7.498294,NA
23.989536,56.627689,16.00116,28.09742,NA,38.725052,NA,31.962839,NA,37.304935,19.949945,NA,NA,NA,38.687115,40.788364,32.153706,NA,63.610771,23.145714,61.432011,23.795233,20.245749,NA,51.554588,NA,NA,NA,NA,21.902199,7.46915,NA
22.500961,56.32423,15.897641,27.83724,NA,38.205708,NA,31.808348,NA,37.525616,20.638672,NA,NA,NA,38.288895,40.308769,32.100201,NA,63.497814,23.096121,57.984673,23.779093,20.071886,NA,51.502075,NA,NA,NA,NA,15.982419,7.423683,NA
21.042118,56.113983,15.752295,27.542786,NA,37.668682,NA,31.692879,NA,37.681011,21.330402,NA,NA,NA,37.802364,39.851257,32.036499,NA,63.301479,23.028173,53.947155,23.772173,19.976191,NA,51.455288,NA,NA,NA,NA,11.220917,7.348818,NA
19.784187,55.911877,15.599314,27.211142,NA,37.144833,NA,31.547697,NA,37.760876,21.909735,NA,NA,NA,37.209335,39.429413,31.97732,NA,62.972466,22.999287,49.762589,23.764629,19.948477,NA,51.411709,NA,NA,NA,NA,8.080335,7.249257,NA
18.736513,55.690392,15.45486,26.889732,NA,36.646469,NA,31.309734,NA,37.760677,22.309258,NA,NA,NA,36.473408,39.037189,31.927959,NA,62.534569,23.037895,46.132694,23.740643,19.983677,NA,51.369293,NA,NA,NA,NA,6.730789,7.145005,NA
17.836205,55.483063,15.329719,26.633602,NA,36.167339,NA,30.965214,NA,37.6838,22.502113,NA,NA,NA,35.585876,38.664333,31.88225,NA,62.074959,23.14094,43.875294,23.689751,20.074247,NA,51.326656,NA,NA,NA,NA,7.138116,7.057268,NA
17.015308,55.330467,15.242539,26.467199,NA,35.691967,NA,30.516703,NA,37.541355,22.480373,NA,NA,NA,34.590389,38.30761,31.831606,NA,61.673775,23.307194,43.665516,23.619471,20.200148,NA,51.28574,NA,NA,NA,NA,9.358482,6.993773,NA
16.226011,55.252346,15.213854,26.388987,NA,35.210133,NA,29.961496,NA,37.350262,22.266848,NA,NA,NA,33.580296,37.969112,31.773783,NA,61.346333,23.533916,45.773209,23.556866,20.330812,NA,51.245182,NA,NA,NA,NA,13.458623,NA,NA
15.444367,55.253387,15.251152,26.398191,NA,34.717079,NA,29.323532,NA,37.128529,21.92185,NA,NA,NA,32.663597,37.648521,31.709686,NA,61.024605,23.785494,49.891949,23.538618,20.439644,NA,51.202465,NA,NA,NA,NA,19.209663,NA,NA
14.674787,55.319866,15.340172,26.48617,NA,34.205086,NA,28.709093,NA,36.895748,21.517345,NA,NA,NA,31.910519,37.335865,31.63516,NA,60.586952,24.014179,55.164524,23.593424,20.517397,NA,51.164371,NA,NA,NA,NA,25.938877,NA,NA
13.924956,55.424122,15.452897,26.603411,NA,33.659706,NA,28.267445,NA,36.673687,21.116179,NA,NA,NA,31.327976,37.008724,31.542173,NA,59.942398,24.199116,60.433823,23.714901,NA,NA,51.140327,NA,NA,NA,NA,32.703293,NA,NA
13.159921,55.547066,15.567837,26.663448,NA,33.069813,NA,28.085028,NA,36.48156,20.767181,NA,NA,NA,30.878172,36.643681,31.432247,NA,59.086075,24.352612,64.605446,23.850939,NA,NA,51.132069,NA,NA,NA,NA,38.766476,NA,NA
12.360154,55.676201,15.681388,26.599882,NA,32.442577,NA,28.186069,NA,36.332451,20.481762,NA,NA,NA,30.50458,36.229752,31.32206,NA,58.077438,24.497366,66.88372,23.947498,NA,NA,51.132099,NA,NA,NA,NA,43.753895,NA,NA
11.587757,55.793404,15.794894,26.403008,NA,31.808779,NA,28.529711,NA,36.227928,20.238012,NA,NA,NA,30.148161,35.773762,31.230831,NA,56.992401,24.637213,66.80471,23.991732,NA,NA,51.125343,NA,NA,NA,NA,47.449631,NA,NA
10.922629,55.895821,15.892815,26.105764,NA,31.208078,NA,28.961685,NA,36.153877,20.028481,NA,NA,NA,29.776419,35.295059,31.17392,NA,55.897346,24.740053,64.17189,24.005173,NA,NA,51.09729,NA,NA,NA,NA,49.787071,NA,NA
10.402484,56.016411,15.940719,25.765018,NA,30.669191,NA,29.286415,NA,36.087994,19.883551,NA,NA,NA,29.396404,34.815769,31.152977,NA,54.834953,24.741833,58.998619,NA,NA,NA,51.039684,NA,NA,NA,NA,50.923805,NA,NA
10.031356,56.188412,15.915685,25.446899,NA,30.206991,NA,29.382265,NA,36.010025,19.846663,NA,NA,NA,29.038065,34.352612,31.146526,NA,53.805557,24.575373,51.498631,NA,NA,NA,50.951813,NA,NA,NA,NA,51.149532,NA,NA
9.784442,56.414639,15.827146,25.206028,NA,29.822218,NA,29.224661,NA,35.907314,19.936747,NA,NA,NA,28.741272,33.913021,31.124092,NA,52.792965,24.20439,42.237408,NA,NA,NA,50.845135,NA,NA,NA,NA,50.706951,NA,NA
NA,56.679581,15.704239,25.070183,NA,29.499489,NA,28.899742,NA,35.779259,20.141533,NA,NA,NA,28.541393,33.494682,31.068928,NA,51.831787,23.641327,32.423679,NA,NA,NA,50.740116,NA,NA,NA,NA,49.743267,NA,NA
NA,56.960503,15.576632,25.037924,NA,29.218639,NA,28.577772,NA,35.633537,20.42713,NA,NA,NA,28.452126,33.088779,30.984573,NA,51.023613,22.94087,23.940252,NA,NA,NA,50.645466,NA,NA,NA,NA,48.368546,NA,NA
NA,57.22517,15.462196,25.075977,NA,28.966869,NA,28.384983,NA,35.476608,20.758631,NA,NA,NA,28.466042,32.685787,30.885342,NA,50.483555,22.178116,18.772175,NA,NA,NA,50.549927,NA,NA,NA,NA,46.679317,NA,NA
NA,57.440327,15.368283,25.127913,NA,28.735289,NA,28.307734,NA,35.312496,21.110197,NA,NA,NA,28.568174,32.282097,30.784431,NA,50.263988,21.420959,18.111776,NA,NA,NA,50.437263,NA,NA,NA,NA,44.759933,NA,NA
NA,57.588398,15.297121,25.139776,NA,28.512949,NA,28.26553,NA,35.145466,21.46723,NA,NA,NA,28.741199,31.877113,30.689335,NA,50.327267,20.702713,21.844271,NA,NA,NA,50.29916,NA,NA,NA,NA,42.690857,NA,NA
NA,57.679279,NA,25.083515,NA,28.294649,NA,28.20542,NA,34.987072,21.829784,NA,NA,NA,28.953207,31.472929,30.606953,NA,50.596485,20.022169,28.678303,NA,NA,NA,50.141243,NA,NA,NA,NA,40.537773,NA,NA
NA,57.745991,NA,24.971169,NA,28.089941,NA,28.105762,NA,34.861897,22.211187,NA,NA,NA,29.159916,31.075924,30.553354,NA,51.019115,19.361315,36.618874,NA,NA,NA,49.978676,NA,NA,NA,NA,38.337807,NA,NA
NA,57.809059,NA,24.851339,NA,27.918814,NA,27.938593,NA,34.799099,22.623621,NA,NA,NA,29.333691,30.687996,30.542681,NA,51.590385,18.697569,43.653591,NA,NA,NA,49.818783,NA,NA,NA,NA,36.106403,NA,NA
NA,57.853958,NA,24.774612,NA,27.797087,NA,27.655252,NA,34.818581,23.061409,NA,NA,NA,29.486057,30.303215,NA,NA,52.310741,18.031713,48.631245,NA,NA,NA,49.641056,NA,NA,NA,NA,33.858078,NA,NA
NA,57.852001,NA,24.753681,NA,27.727606,NA,27.23007,NA,34.927376,23.492571,NA,NA,NA,29.654413,29.91091,NA,NA,53.129704,17.413095,51.446682,NA,NA,NA,49.39801,NA,NA,NA,NA,31.603745,NA,NA
NA,57.784794,NA,24.770472,NA,27.704067,NA,26.706656,NA,35.111893,23.872473,NA,NA,NA,29.861122,29.497086,NA,NA,53.957882,16.914066,52.592815,NA,NA,NA,49.056374,NA,NA,NA,NA,29.322018,NA,NA
NA,57.649029,NA,NA,NA,27.714933,NA,26.160009,NA,35.329697,24.18576,NA,NA,NA,30.097101,29.054066,NA,NA,54.720455,16.583504,52.675652,NA,NA,NA,48.620972,NA,NA,NA,NA,26.978436,NA,NA
NA,57.4496,NA,NA,NA,27.745594,NA,25.632357,NA,35.528,24.467873,NA,NA,NA,30.337112,28.587408,NA,NA,55.367523,16.4261,52.144638,NA,NA,NA,48.116756,NA,NA,NA,NA,24.812513,NA,NA
NA,57.19397,NA,NA,NA,27.783066,NA,25.129293,NA,35.673054,24.766575,NA,NA,NA,30.555315,28.107368,NA,NA,55.859398,16.410769,51.353016,NA,NA,NA,47.567783,NA,NA,NA,NA,23.517651,NA,NA
NA,56.892944,NA,NA,NA,27.822947,NA,24.648842,NA,35.761215,25.083168,NA,NA,NA,30.734177,27.622719,NA,NA,56.167889,16.488459,50.668625,NA,NA,NA,46.982471,NA,NA,NA,NA,22.907625,NA,NA
NA,56.553154,NA,NA,NA,27.873898,NA,24.197363,NA,35.804623,25.355116,NA,NA,NA,30.860712,27.138391,NA,NA,56.286472,NA,50.37714,NA,NA,NA,46.354015,NA,NA,NA,NA,22.918674,NA,NA
NA,56.165638,NA,NA,NA,27.951578,NA,23.786524,NA,35.809223,NA,NA,NA,NA,30.926117,26.656773,NA,NA,56.224155,NA,50.433044,NA,NA,NA,45.673061,NA,NA,NA,NA,23.624699,NA,NA
NA,55.711647,NA,NA,NA,28.064465,NA,23.434248,NA,35.769424,NA,NA,NA,NA,30.942732,26.176163,NA,NA,55.998974,NA,50.342491,NA,NA,NA,44.929596,NA,NA,NA,NA,24.250626,NA,NA
NA,55.174553,NA,NA,NA,28.203264,NA,23.178255,NA,35.67939,NA,NA,NA,NA,30.94253,25.676783,NA,NA,55.637211,NA,49.406189,NA,NA,NA,44.109573,NA,NA,NA,NA,25.120293,NA,NA
NA,54.54483,NA,NA,NA,28.347843,NA,23.058764,NA,35.542061,NA,NA,NA,NA,30.950998,25.123137,NA,NA,55.175037,NA,47.232792,NA,NA,NA,43.199951,NA,NA,NA,NA,26.43581,NA,NA
NA,53.823544,NA,NA,NA,28.479187,NA,23.054443,NA,35.365917,NA,NA,NA,NA,30.973812,24.490696,NA,NA,54.649178,NA,44.110222,NA,NA,NA,42.190788,NA,NA,NA,NA,28.021336,NA,NA
NA,53.021568,NA,NA,NA,28.585567,NA,23.088509,NA,35.159615,NA,NA,NA,NA,30.998644,23.788355,NA,NA,54.058445,NA,40.835472,NA,NA,NA,41.075615,NA,NA,NA,NA,29.5786,NA,NA
NA,52.149143,NA,NA,NA,28.666428,NA,23.110622,NA,34.933712,NA,NA,NA,NA,31.005072,23.04903,NA,NA,53.362877,NA,38.162579,NA,NA,NA,39.85614,NA,NA,NA,NA,30.823877,NA,NA
NA,51.218578,NA,NA,NA,28.73218,NA,23.115452,NA,34.701782,NA,NA,NA,NA,30.983746,22.294306,NA,NA,52.537567,NA,36.44762,NA,NA,NA,38.548645,NA,NA,NA,NA,31.577072,NA,NA
NA,50.25341,NA,NA,NA,28.798935,NA,23.113268,NA,34.473278,NA,NA,NA,NA,30.938526,21.517988,NA,NA,51.599743,NA,35.668007,NA,NA,NA,37.189125,NA,NA,NA,NA,31.798395,NA,NA
NA,49.270962,NA,NA,NA,28.879087,NA,23.110729,NA,34.249859,NA,NA,NA,NA,30.87941,20.71081,NA,NA,50.587269,NA,35.622341,NA,NA,NA,35.817215,NA,NA,NA,NA,31.560177,NA,NA
NA,48.264462,NA,NA,NA,28.972944,NA,23.095596,NA,34.034176,NA,NA,NA,NA,30.816099,19.882221,NA,NA,49.53083,NA,35.96545,NA,NA,NA,34.455288,NA,NA,NA,NA,30.973999,NA,NA
NA,47.215019,NA,NA,NA,29.070774,NA,23.037918,NA,33.829182,NA,NA,NA,NA,30.749527,19.043762,NA,NA,48.442295,NA,36.307762,NA,NA,NA,33.111641,NA,NA,NA,NA,30.12376,NA,NA
NA,46.109329,NA,NA,NA,29.162458,NA,22.91256,NA,33.62429,NA,NA,NA,NA,30.679806,18.191126,NA,NA,47.31583,NA,36.445213,NA,NA,NA,31.790203,NA,NA,NA,NA,29.057598,NA,NA
NA,44.946426,NA,NA,NA,29.238104,NA,22.721567,NA,33.396336,NA,NA,NA,NA,30.62018,17.314089,NA,NA,46.139694,NA,36.373367,NA,NA,NA,30.494799,NA,NA,NA,NA,27.826483,NA,NA
NA,43.744286,NA,NA,NA,29.289051,NA,22.503145,NA,33.131096,NA,NA,NA,NA,30.589479,16.415464,NA,NA,44.911865,NA,36.184696,NA,NA,NA,29.236061,NA,NA,NA,NA,26.515779,NA,NA
NA,42.528431,NA,NA,NA,29.317671,NA,22.292725,NA,32.846783,NA,NA,NA,NA,30.589323,15.524354,NA,NA,43.642578,NA,35.951385,NA,NA,NA,28.035692,NA,NA,NA,NA,25.229389,NA,NA
NA,41.308815,NA,NA,NA,29.339861,NA,22.08721,NA,32.595001,NA,NA,NA,NA,30.594048,14.683972,NA,NA,42.33976,NA,35.628281,NA,NA,NA,26.913561,NA,NA,NA,NA,24.051138,NA,NA
NA,40.079437,NA,NA,NA,29.373896,NA,21.872377,NA,32.430126,NA,NA,NA,NA,30.566622,13.922435,NA,NA,40.991631,NA,35.090847,NA,NA,NA,25.878862,NA,NA,NA,NA,23.046324,NA,NA
NA,38.828491,NA,NA,NA,29.427423,NA,21.648529,NA,32.372913,NA,NA,NA,NA,30.487963,13.256749,NA,NA,39.570644,NA,34.242538,NA,NA,NA,24.935017,NA,NA,NA,NA,22.287462,NA,NA
NA,37.557026,NA,NA,NA,29.492998,NA,21.425766,NA,32.402451,NA,NA,NA,NA,30.368444,12.713453,NA,NA,38.063484,NA,33.107254,NA,NA,NA,24.088493,NA,NA,NA,NA,21.840075,NA,NA
NA,36.282623,NA,NA,NA,29.554729,NA,21.213783,NA,32.475586,NA,NA,NA,NA,30.241484,12.309542,NA,NA,36.481167,NA,31.889679,NA,NA,NA,23.352289,NA,NA,NA,NA,21.713236,NA,NA
NA,35.020416,NA,NA,NA,29.604435,NA,21.018555,NA,32.557835,NA,NA,NA,NA,30.147867,12.017475,NA,NA,34.853897,NA,30.896141,NA,NA,NA,22.744671,NA,NA,NA,NA,21.849157,NA,NA
NA,33.77515,NA,NA,NA,29.644358,NA,20.841995,NA,32.637222,NA,NA,NA,NA,30.103987,11.786836,NA,NA,33.220966,NA,30.316368,NA,NA,NA,22.281578,NA,NA,NA,NA,22.183975,NA,NA
NA,32.552509,NA,NA,NA,29.675377,NA,20.689127,NA,32.71307,NA,NA,NA,NA,30.082804,11.605952,NA,NA,31.599291,NA,30.125721,NA,NA,NA,21.966812,NA,NA,NA,NA,22.676203,NA,NA
NA,31.376465,NA,NA,NA,29.694975,NA,20.572376,NA,32.783279,NA,NA,NA,NA,30.045347,11.499071,NA,NA,29.983223,NA,30.173237,NA,NA,NA,21.782572,NA,NA,NA,NA,23.284933,NA,NA
NA,30.294548,NA,NA,NA,29.703724,NA,20.504393,NA,NA,NA,NA,NA,NA,29.981113,11.473355,NA,NA,28.349833,NA,30.277929,NA,NA,NA,NA,NA,NA,NA,NA,23.95167,NA,NA
NA,29.372122,NA,NA,NA,29.705175,NA,20.498055,NA,NA,NA,NA,NA,NA,29.906624,11.500747,NA,NA,26.652412,NA,30.299341,NA,NA,NA,NA,NA,NA,NA,NA,24.598639,NA,NA
NA,28.666403,NA,NA,NA,29.706903,NA,20.571167,NA,NA,NA,NA,NA,NA,29.83503,11.529971,NA,NA,24.865898,NA,30.172939,NA,NA,NA,NA,NA,NA,NA,NA,25.130253,NA,NA
NA,28.183867,NA,NA,NA,29.71682,NA,20.729725,NA,NA,NA,NA,NA,NA,29.757965,11.517676,NA,NA,23.010477,NA,29.912891,NA,NA,NA,NA,NA,NA,NA,NA,25.4461,NA,NA
NA,NA,NA,NA,NA,29.734386,NA,20.939501,NA,NA,NA,NA,NA,NA,29.655441,11.447692,NA,NA,21.113974,NA,29.582972,NA,NA,NA,NA,NA,NA,NA,NA,25.473633,NA,NA
NA,NA,NA,NA,NA,NA,NA,21.133968,NA,NA,NA,NA,NA,NA,29.514421,11.307318,NA,NA,19.213848,NA,29.242981,NA,NA,NA,NA,NA,NA,NA,NA,25.195377,NA,NA
NA,NA,NA,NA,NA,NA,NA,NA,NA,NA,NA,NA,NA,NA,29.333534,11.063353,NA,NA,17.411161,NA,28.927557,NA,NA,NA,NA,NA,NA,NA,NA,24.665304,NA,NA
NA,NA,NA,NA,NA,NA,NA,NA,NA,NA,NA,NA,NA,NA,29.116404,10.689974,NA,NA,15.851189,NA,28.658211,NA,NA,NA,NA,NA,NA,NA,NA,24.021547,NA,NA
NA,NA,NA,NA,NA,NA,NA,NA,NA,NA,NA,NA,NA,NA,28.87509,10.201775,NA,NA,14.611567,NA,28.438799,NA,NA,NA,NA,NA,NA,NA,NA,23.464476,NA,NA
NA,NA,NA,NA,NA,NA,NA,NA,NA,NA,NA,NA,NA,NA,28.636478,9.648885,NA,NA,13.679405,NA,28.257135,NA,NA,NA,NA,NA,NA,NA,NA,23.179876,NA,NA
NA,NA,NA,NA,NA,NA,NA,NA,NA,NA,NA,NA,NA,NA,28.425524,9.102353,NA,NA,13.001292,NA,28.110695,NA,NA,NA,NA,NA,NA,NA,NA,23.262035,NA,NA
NA,NA,NA,NA,NA,NA,NA,NA,NA,NA,NA,NA,NA,NA,28.238306,8.628263,NA,NA,12.501244,NA,28.017305,NA,NA,NA,NA,NA,NA,NA,NA,23.694689,NA,NA
NA,NA,NA,NA,NA,NA,NA,NA,NA,NA,NA,NA,NA,NA,28.052156,8.271875,NA,NA,12.09409,NA,27.99254,NA,NA,NA,NA,NA,NA,NA,NA,24.384361,NA,NA
NA,NA,NA,NA,NA,NA,NA,NA,NA,NA,NA,NA,NA,NA,27.855801,8.042292,NA,NA,11.718385,NA,28.02405,NA,NA,NA,NA,NA,NA,NA,NA,25.215122,NA,NA
NA,NA,NA,NA,NA,NA,NA,NA,NA,NA,NA,NA,NA,NA,27.657589,7.899784,NA,NA,11.364132,NA,28.078739,NA,NA,NA,NA,NA,NA,NA,NA,26.096498,NA,NA
NA,NA,NA,NA,NA,NA,NA,NA,NA,NA,NA,NA,NA,NA,27.48148,NA,NA,NA,11.065021,NA,28.130718,NA,NA,NA,NA,NA,NA,NA,NA,27.003593,NA,NA
NA,NA,NA,NA,NA,NA,NA,NA,NA,NA,NA,NA,NA,NA,27.354753,NA,NA,NA,10.846023,NA,28.169191,NA,NA,NA,NA,NA,NA,NA,NA,27.940878,NA,NA
NA,NA,NA,NA,NA,NA,NA,NA,NA,NA,NA,NA,NA,NA,27.295895,NA,NA,NA,10.696058,NA,28.188135,NA,NA,NA,NA,NA,NA,NA,NA,28.857025,NA,NA
NA,NA,NA,NA,NA,NA,NA,NA,NA,NA,NA,NA,NA,NA,27.314823,NA,NA,NA,10.608154,NA,28.179945,NA,NA,NA,NA,NA,NA,NA,NA,29.617504,NA,NA
NA,NA,NA,NA,NA,NA,NA,NA,NA,NA,NA,NA,NA,NA,27.410141,NA,NA,NA,10.580464,NA,28.136097,NA,NA,NA,NA,NA,NA,NA,NA,30.094521,NA,NA
NA,NA,NA,NA,NA,NA,NA,NA,NA,NA,NA,NA,NA,NA,27.563505,NA,NA,NA,10.578877,NA,28.047499,NA,NA,NA,NA,NA,NA,NA,NA,30.26375,NA,NA
NA,NA,NA,NA,NA,NA,NA,NA,NA,NA,NA,NA,NA,NA,27.74519,NA,NA,NA,10.564196,NA,27.899176,NA,NA,NA,NA,NA,NA,NA,NA,30.176601,NA,NA
NA,NA,NA,NA,NA,NA,NA,NA,NA,NA,NA,NA,NA,NA,27.932375,NA,NA,NA,10.533322,NA,27.681936,NA,NA,NA,NA,NA,NA,NA,NA,29.888052,NA,NA
NA,NA,NA,NA,NA,NA,NA,NA,NA,NA,NA,NA,NA,NA,28.116346,NA,NA,NA,NA,NA,27.415014,NA,NA,NA,NA,NA,NA,NA,NA,29.455906,NA,NA
NA,NA,NA,NA,NA,NA,NA,NA,NA,NA,NA,NA,NA,NA,28.285284,NA,NA,NA,NA,NA,27.137371,NA,NA,NA,NA,NA,NA,NA,NA,28.952682,NA,NA
NA,NA,NA,NA,NA,NA,NA,NA,NA,NA,NA,NA,NA,NA,28.414152,NA,NA,NA,NA,NA,26.877985,NA,NA,NA,NA,NA,NA,NA,NA,28.444315,NA,NA
NA,NA,NA,NA,NA,NA,NA,NA,NA,NA,NA,NA,NA,NA,28.471153,NA,NA,NA,NA,NA,26.643126,NA,NA,NA,NA,NA,NA,NA,NA,27.956768,NA,NA
NA,NA,NA,NA,NA,NA,NA,NA,NA,NA,NA,NA,NA,NA,28.432056,NA,NA,NA,NA,NA,26.429934,NA,NA,NA,NA,NA,NA,NA,NA,27.467941,NA,NA
NA,NA,NA,NA,NA,NA,NA,NA,NA,NA,NA,NA,NA,NA,28.298834,NA,NA,NA,NA,NA,26.241791,NA,NA,NA,NA,NA,NA,NA,NA,26.946095,NA,NA
NA,NA,NA,NA,NA,NA,NA,NA,NA,NA,NA,NA,NA,NA,28.103144,NA,NA,NA,NA,NA,26.082134,NA,NA,NA,NA,NA,NA,NA,NA,26.399914,NA,NA
NA,NA,NA,NA,NA,NA,NA,NA,NA,NA,NA,NA,NA,NA,27.905155,NA,NA,NA,NA,NA,25.952261,NA,NA,NA,NA,NA,NA,NA,NA,25.883162,NA,NA
NA,NA,NA,NA,NA,NA,NA,NA,NA,NA,NA,NA,NA,NA,27.76738,NA,NA,NA,NA,NA,25.856886,NA,NA,NA,NA,NA,NA,NA,NA,25.455835,NA,NA
NA,NA,NA,NA,NA,NA,NA,NA,NA,NA,NA,NA,NA,NA,27.690586,NA,NA,NA,NA,NA,25.802933,NA,NA,NA,NA,NA,NA,NA,NA,25.1542,NA,NA
NA,NA,NA,NA,NA,NA,NA,NA,NA,NA,NA,NA,NA,NA,27.622824,NA,NA,NA,NA,NA,25.799425,NA,NA,NA,NA,NA,NA,NA,NA,24.984556,NA,NA
NA,NA,NA,NA,NA,NA,NA,NA,NA,NA,NA,NA,NA,NA,27.529312,NA,NA,NA,NA,NA,25.851187,NA,NA,NA,NA,NA,NA,NA,NA,24.924677,NA,NA
NA,NA,NA,NA,NA,NA,NA,NA,NA,NA,NA,NA,NA,NA,27.414351,NA,NA,NA,NA,NA,25.946478,NA,NA,NA,NA,NA,NA,NA,NA,24.927357,NA,NA
NA,NA,NA,NA,NA,NA,NA,NA,NA,NA,NA,NA,NA,NA,27.294756,NA,NA,NA,NA,NA,26.057507,NA,NA,NA,NA,NA,NA,NA,NA,24.923183,NA,NA
NA,NA,NA,NA,NA,NA,NA,NA,NA,NA,NA,NA,NA,NA,27.176605,NA,NA,NA,NA,NA,26.147284,NA,NA,NA,NA,NA,NA,NA,NA,24.842495,NA,NA
NA,NA,NA,NA,NA,NA,NA,NA,NA,NA,NA,NA,NA,NA,27.05081,NA,NA,NA,NA,NA,26.18605,NA,NA,NA,NA,NA,NA,NA,NA,24.653753,NA,NA
NA,NA,NA,NA,NA,NA,NA,NA,NA,NA,NA,NA,NA,NA,26.902082,NA,NA,NA,NA,NA,26.172911,NA,NA,NA,NA,NA,NA,NA,NA,24.367432,NA,NA
NA,NA,NA,NA,NA,NA,NA,NA,NA,NA,NA,NA,NA,NA,26.723167,NA,NA,NA,NA,NA,26.132999,NA,NA,NA,NA,NA,NA,NA,NA,24.025272,NA,NA
NA,NA,NA,NA,NA,NA,NA,NA,NA,NA,NA,NA,NA,NA,26.515863,NA,NA,NA,NA,NA,26.098534,NA,NA,NA,NA,NA,NA,NA,NA,23.702585,NA,NA
NA,NA,NA,NA,NA,NA,NA,NA,NA,NA,NA,NA,NA,NA,26.287342,NA,NA,NA,NA,NA,26.092966,NA,NA,NA,NA,NA,NA,NA,NA,23.473375,NA,NA
NA,NA,NA,NA,NA,NA,NA,NA,NA,NA,NA,NA,NA,NA,26.045986,NA,NA,NA,NA,NA,26.120981,NA,NA,NA,NA,NA,NA,NA,NA,23.357723,NA,NA
NA,NA,NA,NA,NA,NA,NA,NA,NA,NA,NA,NA,NA,NA,25.809824,NA,NA,NA,NA,NA,26.176836,NA,NA,NA,NA,NA,NA,NA,NA,23.326748,NA,NA
NA,NA,NA,NA,NA,NA,NA,NA,NA,NA,NA,NA,NA,NA,25.606598,NA,NA,NA,NA,NA,26.262869,NA,NA,NA,NA,NA,NA,NA,NA,23.342964,NA,NA
NA,NA,NA,NA,NA,NA,NA,NA,NA,NA,NA,NA,NA,NA,25.449789,NA,NA,NA,NA,NA,26.384098,NA,NA,NA,NA,NA,NA,NA,NA,23.378279,NA,NA
NA,NA,NA,NA,NA,NA,NA,NA,NA,NA,NA,NA,NA,NA,25.337288,NA,NA,NA,NA,NA,26.536842,NA,NA,NA,NA,NA,NA,NA,NA,23.38806,NA,NA
NA,NA,NA,NA,NA,NA,NA,NA,NA,NA,NA,NA,NA,NA,25.270861,NA,NA,NA,NA,NA,26.708607,NA,NA,NA,NA,NA,NA,NA,NA,23.2927,NA,NA
NA,NA,NA,NA,NA,NA,NA,NA,NA,NA,NA,NA,NA,NA,25.250002,NA,NA,NA,NA,NA,26.884039,NA,NA,NA,NA,NA,NA,NA,NA,23.025747,NA,NA
NA,NA,NA,NA,NA,NA,NA,NA,NA,NA,NA,NA,NA,NA,25.254936,NA,NA,NA,NA,NA,27.050415,NA,NA,NA,NA,NA,NA,NA,NA,22.572495,NA,NA
NA,NA,NA,NA,NA,NA,NA,NA,NA,NA,NA,NA,NA,NA,25.265423,NA,NA,NA,NA,NA,27.204058,NA,NA,NA,NA,NA,NA,NA,NA,21.970301,NA,NA
NA,NA,NA,NA,NA,NA,NA,NA,NA,NA,NA,NA,NA,NA,NA,NA,NA,NA,NA,NA,27.351955,NA,NA,NA,NA,NA,NA,NA,NA,21.31654,NA,NA
NA,NA,NA,NA,NA,NA,NA,NA,NA,NA,NA,NA,NA,NA,NA,NA,NA,NA,NA,NA,27.497124,NA,NA,NA,NA,NA,NA,NA,NA,20.726095,NA,NA
NA,NA,NA,NA,NA,NA,NA,NA,NA,NA,NA,NA,NA,NA,NA,NA,NA,NA,NA,NA,27.632629,NA,NA,NA,NA,NA,NA,NA,NA,20.252377,NA,NA
NA,NA,NA,NA,NA,NA,NA,NA,NA,NA,NA,NA,NA,NA,NA,NA,NA,NA,NA,NA,27.752844,NA,NA,NA,NA,NA,NA,NA,NA,19.891668,NA,NA
NA,NA,NA,NA,NA,NA,NA,NA,NA,NA,NA,NA,NA,NA,NA,NA,NA,NA,NA,NA,27.855396,NA,NA,NA,NA,NA,NA,NA,NA,19.630583,NA,NA
NA,NA,NA,NA,NA,NA,NA,NA,NA,NA,NA,NA,NA,NA,NA,NA,NA,NA,NA,NA,27.92819,NA,NA,NA,NA,NA,NA,NA,NA,19.458452,NA,NA
NA,NA,NA,NA,NA,NA,NA,NA,NA,NA,NA,NA,NA,NA,NA,NA,NA,NA,NA,NA,27.955427,NA,NA,NA,NA,NA,NA,NA,NA,19.358896,NA,NA
NA,NA,NA,NA,NA,NA,NA,NA,NA,NA,NA,NA,NA,NA,NA,NA,NA,NA,NA,NA,27.940134,NA,NA,NA,NA,NA,NA,NA,NA,19.307653,NA,NA
NA,NA,NA,NA,NA,NA,NA,NA,NA,NA,NA,NA,NA,NA,NA,NA,NA,NA,NA,NA,27.898172,NA,NA,NA,NA,NA,NA,NA,NA,19.275484,NA,NA
NA,NA,NA,NA,NA,NA,NA,NA,NA,NA,NA,NA,NA,NA,NA,NA,NA,NA,NA,NA,27.842196,NA,NA,NA,NA,NA,NA,NA,NA,19.234556,NA,NA
NA,NA,NA,NA,NA,NA,NA,NA,NA,NA,NA,NA,NA,NA,NA,NA,NA,NA,NA,NA,27.769354,NA,NA,NA,NA,NA,NA,NA,NA,19.163427,NA,NA
NA,NA,NA,NA,NA,NA,NA,NA,NA,NA,NA,NA,NA,NA,NA,NA,NA,NA,NA,NA,27.669342,NA,NA,NA,NA,NA,NA,NA,NA,19.042376,NA,NA
NA,NA,NA,NA,NA,NA,NA,NA,NA,NA,NA,NA,NA,NA,NA,NA,NA,NA,NA,NA,27.553335,NA,NA,NA,NA,NA,NA,NA,NA,18.847708,NA,NA
NA,NA,NA,NA,NA,NA,NA,NA,NA,NA,NA,NA,NA,NA,NA,NA,NA,NA,NA,NA,27.451296,NA,NA,NA,NA,NA,NA,NA,NA,18.545187,NA,NA
NA,NA,NA,NA,NA,NA,NA,NA,NA,NA,NA,NA,NA,NA,NA,NA,NA,NA,NA,NA,27.378025,NA,NA,NA,NA,NA,NA,NA,NA,18.089699,NA,NA
NA,NA,NA,NA,NA,NA,NA,NA,NA,NA,NA,NA,NA,NA,NA,NA,NA,NA,NA,NA,27.324186,NA,NA,NA,NA,NA,NA,NA,NA,17.473013,NA,NA
NA,NA,NA,NA,NA,NA,NA,NA,NA,NA,NA,NA,NA,NA,NA,NA,NA,NA,NA,NA,27.275831,NA,NA,NA,NA,NA,NA,NA,NA,16.787609,NA,NA
NA,NA,NA,NA,NA,NA,NA,NA,NA,NA,NA,NA,NA,NA,NA,NA,NA,NA,NA,NA,27.226097,NA,NA,NA,NA,NA,NA,NA,NA,16.16815,NA,NA
NA,NA,NA,NA,NA,NA,NA,NA,NA,NA,NA,NA,NA,NA,NA,NA,NA,NA,NA,NA,27.179977,NA,NA,NA,NA,NA,NA,NA,NA,15.68653,NA,NA
NA,NA,NA,NA,NA,NA,NA,NA,NA,NA,NA,NA,NA,NA,NA,NA,NA,NA,NA,NA,27.157412,NA,NA,NA,NA,NA,NA,NA,NA,15.347926,NA,NA
NA,NA,NA,NA,NA,NA,NA,NA,NA,NA,NA,NA,NA,NA,NA,NA,NA,NA,NA,NA,27.177845,NA,NA,NA,NA,NA,NA,NA,NA,15.132074,NA,NA
NA,NA,NA,NA,NA,NA,NA,NA,NA,NA,NA,NA,NA,NA,NA,NA,NA,NA,NA,NA,27.249125,NA,NA,NA,NA,NA,NA,NA,NA,15.019425,NA,NA
NA,NA,NA,NA,NA,NA,NA,NA,NA,NA,NA,NA,NA,NA,NA,NA,NA,NA,NA,NA,27.37644,NA,NA,NA,NA,NA,NA,NA,NA,14.990359,NA,NA
NA,NA,NA,NA,NA,NA,NA,NA,NA,NA,NA,NA,NA,NA,NA,NA,NA,NA,NA,NA,27.552519,NA,NA,NA,NA,NA,NA,NA,NA,15.010965,NA,NA
NA,NA,NA,NA,NA,NA,NA,NA,NA,NA,NA,NA,NA,NA,NA,NA,NA,NA,NA,NA,27.734137,NA,NA,NA,NA,NA,NA,NA,NA,15.034637,NA,NA
NA,NA,NA,NA,NA,NA,NA,NA,NA,NA,NA,NA,NA,NA,NA,NA,NA,NA,NA,NA,27.860182,NA,NA,NA,NA,NA,NA,NA,NA,15.00526,NA,NA
NA,NA,NA,NA,NA,NA,NA,NA,NA,NA,NA,NA,NA,NA,NA,NA,NA,NA,NA,NA,27.904774,NA,NA,NA,NA,NA,NA,NA,NA,14.87536,NA,NA
NA,NA,NA,NA,NA,NA,NA,NA,NA,NA,NA,NA,NA,NA,NA,NA,NA,NA,NA,NA,27.894413,NA,NA,NA,NA,NA,NA,NA,NA,14.629871,NA,NA
NA,NA,NA,NA,NA,NA,NA,NA,NA,NA,NA,NA,NA,NA,NA,NA,NA,NA,NA,NA,27.871658,NA,NA,NA,NA,NA,NA,NA,NA,14.288243,NA,NA
NA,NA,NA,NA,NA,NA,NA,NA,NA,NA,NA,NA,NA,NA,NA,NA,NA,NA,NA,NA,27.86204,NA,NA,NA,NA,NA,NA,NA,NA,13.899842,NA,NA
NA,NA,NA,NA,NA,NA,NA,NA,NA,NA,NA,NA,NA,NA,NA,NA,NA,NA,NA,NA,27.871771,NA,NA,NA,NA,NA,NA,NA,NA,13.547402,NA,NA
NA,NA,NA,NA,NA,NA,NA,NA,NA,NA,NA,NA,NA,NA,NA,NA,NA,NA,NA,NA,27.889938,NA,NA,NA,NA,NA,NA,NA,NA,13.332001,NA,NA
NA,NA,NA,NA,NA,NA,NA,NA,NA,NA,NA,NA,NA,NA,NA,NA,NA,NA,NA,NA,27.887064,NA,NA,NA,NA,NA,NA,NA,NA,13.30696,NA,NA
NA,NA,NA,NA,NA,NA,NA,NA,NA,NA,NA,NA,NA,NA,NA,NA,NA,NA,NA,NA,27.824747,NA,NA,NA,NA,NA,NA,NA,NA,NA,NA,NA
NA,NA,NA,NA,NA,NA,NA,NA,NA,NA,NA,NA,NA,NA,NA,NA,NA,NA,NA,NA,27.670885,NA,NA,NA,NA,NA,NA,NA,NA,NA,NA,NA
NA,NA,NA,NA,NA,NA,NA,NA,NA,NA,NA,NA,NA,NA,NA,NA,NA,NA,NA,NA,27.409344,NA,NA,NA,NA,NA,NA,NA,NA,NA,NA,NA
NA,NA,NA,NA,NA,NA,NA,NA,NA,NA,NA,NA,NA,NA,NA,NA,NA,NA,NA,NA,27.05414,NA,NA,NA,NA,NA,NA,NA,NA,NA,NA,NA
NA,NA,NA,NA,NA,NA,NA,NA,NA,NA,NA,NA,NA,NA,NA,NA,NA,NA,NA,NA,26.648464,NA,NA,NA,NA,NA,NA,NA,NA,NA,NA,NA
NA,NA,NA,NA,NA,NA,NA,NA,NA,NA,NA,NA,NA,NA,NA,NA,NA,NA,NA,NA,26.222788,NA,NA,NA,NA,NA,NA,NA,NA,NA,NA,NA
NA,NA,NA,NA,NA,NA,NA,NA,NA,NA,NA,NA,NA,NA,NA,NA,NA,NA,NA,NA,25.774284,NA,NA,NA,NA,NA,NA,NA,NA,NA,NA,NA
NA,NA,NA,NA,NA,NA,NA,NA,NA,NA,NA,NA,NA,NA,NA,NA,NA,NA,NA,NA,25.310846,NA,NA,NA,NA,NA,NA,NA,NA,NA,NA,NA
NA,NA,NA,NA,NA,NA,NA,NA,NA,NA,NA,NA,NA,NA,NA,NA,NA,NA,NA,NA,24.865847,NA,NA,NA,NA,NA,NA,NA,NA,NA,NA,NA
NA,NA,NA,NA,NA,NA,NA,NA,NA,NA,NA,NA,NA,NA,NA,NA,NA,NA,NA,NA,24.465303,NA,NA,NA,NA,NA,NA,NA,NA,NA,NA,NA
NA,NA,NA,NA,NA,NA,NA,NA,NA,NA,NA,NA,NA,NA,NA,NA,NA,NA,NA,NA,24.129715,NA,NA,NA,NA,NA,NA,NA,NA,NA,NA,NA
NA,NA,NA,NA,NA,NA,NA,NA,NA,NA,NA,NA,NA,NA,NA,NA,NA,NA,NA,NA,23.878134,NA,NA,NA,NA,NA,NA,NA,NA,NA,NA,NA
NA,NA,NA,NA,NA,NA,NA,NA,NA,NA,NA,NA,NA,NA,NA,NA,NA,NA,NA,NA,23.700302,NA,NA,NA,NA,NA,NA,NA,NA,NA,NA,NA
NA,NA,NA,NA,NA,NA,NA,NA,NA,NA,NA,NA,NA,NA,NA,NA,NA,NA,NA,NA,23.560827,NA,NA,NA,NA,NA,NA,NA,NA,NA,NA,NA
NA,NA,NA,NA,NA,NA,NA,NA,NA,NA,NA,NA,NA,NA,NA,NA,NA,NA,NA,NA,23.437511,NA,NA,NA,NA,NA,NA,NA,NA,NA,NA,NA
NA,NA,NA,NA,NA,NA,NA,NA,NA,NA,NA,NA,NA,NA,NA,NA,NA,NA,NA,NA,NA,NA,NA,NA,NA,NA,NA,NA,NA,NA,NA,NA
NA,NA,NA,NA,NA,NA,NA,NA,NA,NA,NA,NA,NA,NA,NA,NA,NA,NA,NA,NA,NA,NA,NA,NA,NA,NA,NA,NA,NA,NA,NA,NA
NA,NA,NA,NA,NA,NA,NA,NA,NA,NA,NA,NA,NA,NA,NA,NA,NA,NA,NA,NA,NA,NA,NA,NA,NA,NA,NA,NA,NA,NA,NA,NA
NA,NA,NA,NA,NA,NA,NA,NA,NA,NA,NA,NA,NA,NA,NA,NA,NA,NA,NA,NA,NA,NA,NA,NA,NA,NA,NA,NA,NA,NA,NA,NA
NA,NA,NA,NA,NA,NA,NA,NA,NA,NA,NA,NA,NA,NA,NA,NA,NA,NA,NA,NA,NA,NA,NA,NA,NA,NA,NA,NA,NA,NA,NA,NA
NA,NA,NA,NA,NA,NA,NA,NA,NA,NA,NA,NA,NA,NA,NA,NA,NA,NA,NA,NA,NA,NA,NA,NA,NA,NA,NA,NA,NA,NA,NA,NA
NA,NA,NA,NA,NA,NA,NA,NA,NA,NA,NA,NA,NA,NA,NA,NA,NA,NA,NA,NA,NA,NA,NA,NA,NA,NA,NA,NA,NA,NA,NA,NA
NA,NA,NA,NA,NA,NA,NA,NA,NA,NA,NA,NA,NA,NA,NA,NA,NA,NA,NA,NA,NA,NA,NA,NA,NA,NA,NA,NA,NA,NA,NA,NA
NA,NA,NA,NA,NA,NA,NA,NA,NA,NA,NA,NA,NA,NA,NA,NA,NA,NA,NA,NA,NA,NA,NA,NA,NA,NA,NA,NA,NA,NA,NA,NA
NA,NA,NA,NA,NA,NA,NA,NA,NA,NA,NA,NA,NA,NA,NA,NA,NA,NA,NA,NA,NA,NA,NA,NA,NA,NA,NA,NA,NA,NA,NA,NA
NA,NA,NA,NA,NA,NA,NA,NA,NA,NA,NA,NA,NA,NA,NA,NA,NA,NA,NA,NA,NA,NA,NA,NA,NA,NA,NA,NA,NA,NA,NA,NA
NA,NA,NA,NA,NA,NA,NA,NA,NA,NA,NA,NA,NA,NA,NA,NA,NA,NA,NA,NA,NA,NA,NA,NA,NA,NA,NA,NA,NA,NA,NA,NA
NA,NA,NA,NA,NA,NA,NA,NA,NA,NA,NA,NA,NA,NA,NA,NA,NA,NA,NA,NA,NA,NA,NA,NA,NA,NA,NA,NA,NA,NA,NA,NA
NA,NA,NA,NA,NA,NA,NA,NA,NA,NA,NA,NA,NA,NA,NA,NA,NA,NA,NA,NA,NA,NA,NA,NA,NA,NA,NA,NA,NA,NA,NA,NA
NA,NA,NA,NA,NA,NA,NA,NA,NA,NA,NA,NA,NA,NA,NA,NA,NA,NA,NA,NA,NA,NA,NA,NA,NA,NA,NA,NA,NA,NA,NA,NA
NA,NA,NA,NA,NA,NA,NA,NA,NA,NA,NA,NA,NA,NA,NA,NA,NA,NA,NA,NA,NA,NA,NA,NA,NA,NA,NA,NA,NA,NA,NA,NA
NA,NA,NA,NA,NA,NA,NA,NA,NA,NA,NA,NA,NA,NA,NA,NA,NA,NA,NA,NA,NA,NA,NA,NA,NA,NA,NA,NA,NA,NA,NA,NA
NA,NA,NA,NA,NA,NA,NA,NA,NA,NA,NA,NA,NA,NA,NA,NA,NA,NA,NA,NA,NA,NA,NA,NA,NA,NA,NA,NA,NA,NA,NA,NA
NA,NA,NA,NA,NA,NA,NA,NA,NA,NA,NA,NA,NA,NA,NA,NA,NA,NA,NA,NA,NA,NA,NA,NA,NA,NA,NA,NA,NA,NA,NA,NA
NA,NA,NA,NA,NA,NA,NA,NA,NA,NA,NA,NA,NA,NA,NA,NA,NA,NA,NA,NA,NA,NA,NA,NA,NA,NA,NA,NA,NA,NA,NA,NA
NA,NA,NA,NA,NA,NA,NA,NA,NA,NA,NA,NA,NA,NA,NA,NA,NA,NA,NA,NA,NA,NA,NA,NA,NA,NA,NA,NA,NA,NA,NA,NA
NA,NA,NA,NA,NA,NA,NA,NA,NA,NA,NA,NA,NA,NA,NA,NA,NA,NA,NA,NA,NA,NA,NA,NA,NA,NA,NA,NA,NA,NA,NA,NA
NA,NA,NA,NA,NA,NA,NA,NA,NA,NA,NA,NA,NA,NA,NA,NA,NA,NA,NA,NA,NA,NA,NA,NA,NA,NA,NA,NA,NA,NA,NA,NA
NA,NA,NA,NA,NA,NA,NA,NA,NA,NA,NA,NA,NA,NA,NA,NA,NA,NA,NA,NA,NA,NA,NA,NA,NA,NA,NA,NA,NA,NA,NA,NA
NA,NA,NA,NA,NA,NA,NA,NA,NA,NA,NA,NA,NA,NA,NA,NA,NA,NA,NA,NA,NA,NA,NA,NA,NA,NA,NA,NA,NA,NA,NA,NA
NA,NA,NA,NA,NA,NA,NA,NA,NA,NA,NA,NA,NA,NA,NA,NA,NA,NA,NA,NA,NA,NA,NA,NA,NA,NA,NA,NA,NA,NA,NA,NA
NA,NA,NA,NA,NA,NA,NA,NA,NA,NA,NA,NA,NA,NA,NA,NA,NA,NA,NA,NA,NA,NA,NA,NA,NA,NA,NA,NA,NA,NA,NA,NA
NA,NA,NA,NA,NA,NA,NA,NA,NA,NA,NA,NA,NA,NA,NA,NA,NA,NA,NA,NA,NA,NA,NA,NA,NA,NA,NA,NA,NA,NA,NA,NA
NA,NA,NA,NA,NA,NA,NA,NA,NA,NA,NA,NA,NA,NA,NA,NA,NA,NA,NA,NA,NA,NA,NA,NA,NA,NA,NA,NA,NA,NA,NA,NA
NA,NA,NA,NA,NA,NA,NA,NA,NA,NA,NA,NA,NA,NA,NA,NA,NA,NA,NA,NA,NA,NA,NA,NA,NA,NA,NA,NA,NA,NA,NA,NA
NA,NA,NA,NA,NA,NA,NA,NA,NA,NA,NA,NA,NA,NA,NA,NA,NA,NA,NA,NA,NA,NA,NA,NA,NA,NA,NA,NA,NA,NA,NA,NA
NA,NA,NA,NA,NA,NA,NA,NA,NA,NA,NA,NA,NA,NA,NA,NA,NA,NA,NA,NA,NA,NA,NA,NA,NA,NA,NA,NA,NA,NA,NA,NA
NA,NA,NA,NA,NA,NA,NA,NA,NA,NA,NA,NA,NA,NA,NA,NA,NA,NA,NA,NA,NA,NA,NA,NA,NA,NA,NA,NA,NA,NA,NA,NA
NA,NA,NA,NA,NA,NA,NA,NA,NA,NA,NA,NA,NA,NA,NA,NA,NA,NA,NA,NA,NA,NA,NA,NA,NA,NA,NA,NA,NA,NA,NA,NA
NA,NA,NA,NA,NA,NA,NA,NA,NA,NA,NA,NA,NA,NA,NA,NA,NA,NA,NA,NA,NA,NA,NA,NA,NA,NA,NA,NA,NA,NA,NA,NA
NA,NA,NA,NA,NA,NA,NA,NA,NA,NA,NA,NA,NA,NA,NA,NA,NA,NA,NA,NA,NA,NA,NA,NA,NA,NA,NA,NA,NA,NA,NA,NA
NA,NA,NA,NA,NA,NA,NA,NA,NA,NA,NA,NA,NA,NA,NA,NA,NA,NA,NA,NA,NA,NA,NA,NA,NA,NA,NA,NA,NA,NA,NA,NA
NA,NA,NA,NA,NA,NA,NA,NA,NA,NA,NA,NA,NA,NA,NA,NA,NA,NA,NA,NA,NA,NA,NA,NA,NA,NA,NA,NA,NA,NA,NA,NA
NA,NA,NA,NA,NA,NA,NA,NA,NA,NA,NA,NA,NA,NA,NA,NA,NA,NA,NA,NA,NA,NA,NA,NA,NA,NA,NA,NA,NA,NA,NA,NA
NA,NA,NA,NA,NA,NA,NA,NA,NA,NA,NA,NA,NA,NA,NA,NA,NA,NA,NA,NA,NA,NA,NA,NA,NA,NA,NA,NA,NA,NA,NA,NA
NA,NA,NA,NA,NA,NA,NA,NA,NA,NA,NA,NA,NA,NA,NA,NA,NA,NA,NA,NA,NA,NA,NA,NA,NA,NA,NA,NA,NA,NA,NA,NA
NA,NA,NA,NA,NA,NA,NA,NA,NA,NA,NA,NA,NA,NA,NA,NA,NA,NA,NA,NA,NA,NA,NA,NA,NA,NA,NA,NA,NA,NA,NA,NA
NA,NA,NA,NA,NA,NA,NA,NA,NA,NA,NA,NA,NA,NA,NA,NA,NA,NA,NA,NA,NA,NA,NA,NA,NA,NA,NA,NA,NA,NA,NA,NA
NA,NA,NA,NA,NA,NA,NA,NA,NA,NA,NA,NA,NA,NA,NA,NA,NA,NA,NA,NA,NA,NA,NA,NA,NA,NA,NA,NA,NA,NA,NA,NA
NA,NA,NA,NA,NA,NA,NA,NA,NA,NA,NA,NA,NA,NA,NA,NA,NA,NA,NA,NA,NA,NA,NA,NA,NA,NA,NA,NA,NA,NA,NA,NA
NA,NA,NA,NA,NA,NA,NA,NA,NA,NA,NA,NA,NA,NA,NA,NA,NA,NA,NA,NA,NA,NA,NA,NA,NA,NA,NA,NA,NA,NA,NA,NA
NA,NA,NA,NA,NA,NA,NA,NA,NA,NA,NA,NA,NA,NA,NA,NA,NA,NA,NA,NA,NA,NA,NA,NA,NA,NA,NA,NA,NA,NA,NA,NA
NA,NA,NA,NA,NA,NA,NA,NA,NA,NA,NA,NA,NA,NA,NA,NA,NA,NA,NA,NA,NA,NA,NA,NA,NA,NA,NA,NA,NA,NA,NA,NA
NA,NA,NA,NA,NA,NA,NA,NA,NA,NA,NA,NA,NA,NA,NA,NA,NA,NA,NA,NA,NA,NA,NA,NA,NA,NA,NA,NA,NA,NA,NA,NA
NA,NA,NA,NA,NA,NA,NA,NA,NA,NA,NA,NA,NA,NA,NA,NA,NA,NA,NA,NA,NA,NA,NA,NA,NA,NA,NA,NA,NA,NA,NA,NA
NA,NA,NA,NA,NA,NA,NA,NA,NA,NA,NA,NA,NA,NA,NA,NA,NA,NA,NA,NA,NA,NA,NA,NA,NA,NA,NA,NA,NA,NA,NA,NA
NA,NA,NA,NA,NA,NA,NA,NA,NA,NA,NA,NA,NA,NA,NA,NA,NA,NA,NA,NA,NA,NA,NA,NA,NA,NA,NA,NA,NA,NA,NA,NA
NA,NA,NA,NA,NA,NA,NA,NA,NA,NA,NA,NA,NA,NA,NA,NA,NA,NA,NA,NA,NA,NA,NA,NA,NA,NA,NA,NA,NA,NA,NA,NA
NA,NA,NA,NA,NA,NA,NA,NA,NA,NA,NA,NA,NA,NA,NA,NA,NA,NA,NA,NA,NA,NA,NA,NA,NA,NA,NA,NA,NA,NA,NA,NA
NA,NA,NA,NA,NA,NA,NA,NA,NA,NA,NA,NA,NA,NA,NA,NA,NA,NA,NA,NA,NA,NA,NA,NA,NA,NA,NA,NA,NA,NA,NA,NA
NA,NA,NA,NA,NA,NA,NA,NA,NA,NA,NA,NA,NA,NA,NA,NA,NA,NA,NA,NA,NA,NA,NA,NA,NA,NA,NA,NA,NA,NA,NA,NA
NA,NA,NA,NA,NA,NA,NA,NA,NA,NA,NA,NA,NA,NA,NA,NA,NA,NA,NA,NA,NA,NA,NA,NA,NA,NA,NA,NA,NA,NA,NA,NA
NA,NA,NA,NA,NA,NA,NA,NA,NA,NA,NA,NA,NA,NA,NA,NA,NA,NA,NA,NA,NA,NA,NA,NA,NA,NA,NA,NA,NA,NA,NA,NA
NA,NA,NA,NA,NA,NA,NA,NA,NA,NA,NA,NA,NA,NA,NA,NA,NA,NA,NA,NA,NA,NA,NA,NA,NA,NA,NA,NA,NA,NA,NA,NA
NA,NA,NA,NA,NA,NA,NA,NA,NA,NA,NA,NA,NA,NA,NA,NA,NA,NA,NA,NA,NA,NA,NA,NA,NA,NA,NA,NA,NA,NA,NA,NA
NA,NA,NA,NA,NA,NA,NA,NA,NA,NA,NA,NA,NA,NA,NA,NA,NA,NA,NA,NA,NA,NA,NA,NA,NA,NA,NA,NA,NA,NA,NA,NA
NA,NA,NA,NA,NA,NA,NA,NA,NA,NA,NA,NA,NA,NA,NA,NA,NA,NA,NA,NA,NA,NA,NA,NA,NA,NA,NA,NA,NA,NA,NA,NA
